timeStamp,temp,flame,gas,distance,buzzerStatus,exhaustStatus,cookingStatus,reasoningTime,endToEndTime,backendTime
30-10-2025 17:32:04,25.4,0,20.70522,71.026,st_actOFF,st_actOFF,st_cookYES,98,17,8
30-10-2025 17:32:06,25.4,0,20.70522,71.026,st_actOFF,st_actOFF,st_cookYES,98,17,8
30-10-2025 17:32:08,25.3,0,19.43832,70.499,st_actOFF,st_actOFF,st_cookYES,102,23,10
30-10-2025 17:32:10,25.3,0,19.43832,70.499,st_actOFF,st_actOFF,st_cookYES,102,23,7
30-10-2025 17:32:12,25.3,0,15.91311,70.482,st_actOFF,st_actOFF,st_cookYES,88,23,6
30-10-2025 17:32:14,25.3,0,15.91311,70.482,st_actOFF,st_actOFF,st_cookYES,88,23,11
30-10-2025 17:32:16,25.3,0,14.82802,51.969,st_actOFF,st_actOFF,st_cookYES,87,26,33
30-10-2025 17:32:18,25.3,1,14.82802,51.969,st_actOFF,st_actOFF,st_cookNO,87,26,30
30-10-2025 17:32:20,25.3,1,13.78698,70.55,st_actOFF,st_actOFF,st_cookNO,142,33,25
30-10-2025 17:32:22,25.3,1,13.78698,70.55,st_actOFF,st_actOFF,st_cookNO,142,33,30
30-10-2025 17:32:24,25.3,1,12.78943,70.108,st_actOFF,st_actOFF,st_cookNO,166,24,9
30-10-2025 17:32:26,25.2,1,12.78943,70.55,st_actOFF,st_actOFF,st_cookNO,166,24,58
30-10-2025 17:32:28,25.2,1,12.78943,70.55,st_actOFF,st_actOFF,st_cookNO,87,27,9
30-10-2025 17:32:30,25.2,1,11.83482,70.601,st_actOFF,st_actOFF,st_cookNO,87,27,81
30-10-2025 17:32:32,25.2,1,11.83482,70.601,st_actOFF,st_actOFF,st_cookNO,113,24,14
30-10-2025 17:32:34,25.2,1,11.83482,70.108,st_actOFF,st_actOFF,st_cookNO,83,24,27
30-10-2025 17:32:36,25.2,1,11.83482,70.108,st_actOFF,st_actOFF,st_cookNO,83,23,13
30-10-2025 17:32:38,25.2,1,10.92256,70.125,st_actOFF,st_actOFF,st_cookNO,130,23,10
30-10-2025 17:32:40,25.2,1,10.92256,70.125,st_actOFF,st_actOFF,st_cookNO,130,26,15
30-10-2025 17:32:42,25.2,1,10.92256,69.666,st_actOFF,st_actOFF,st_cookNO,105,29,28
30-10-2025 17:32:44,25.2,1,10.92256,69.666,st_actOFF,st_actOFF,st_cookNO,105,29,6
30-10-2025 17:32:46,25.1,1,10.0521,69.683,st_actOFF,st_actOFF,st_cookNO,129,25,28
30-10-2025 17:32:48,25.1,1,10.0521,69.683,st_actOFF,st_actOFF,st_cookNO,129,25,11
30-10-2025 17:32:50,25.1,1,10.0521,69.666,st_actOFF,st_actOFF,st_cookNO,124,26,29
30-10-2025 17:32:53,25.1,1,10.0521,69.666,st_actOFF,st_actOFF,st_cookNO,124,26,18
30-10-2025 17:32:55,25.1,1,10.0521,69.683,st_actOFF,st_actOFF,st_cookNO,131,22,14
30-10-2025 17:32:57,25.1,1,10.0521,69.683,st_actOFF,st_actOFF,st_cookNO,131,22,10
30-10-2025 17:32:59,25,1,8.434237,69.666,st_actOFF,st_actOFF,st_cookNO,149,22,31
30-10-2025 17:33:01,25,1,8.434237,69.666,st_actOFF,st_actOFF,st_cookNO,149,23,12
30-10-2025 17:33:03,25,1,8.434237,70.108,st_actOFF,st_actOFF,st_cookNO,108,26,6
30-10-2025 17:33:05,25,1,8.434237,70.108,st_actOFF,st_actOFF,st_cookNO,108,26,25
30-10-2025 17:33:07,25,1,7.685671,70.125,st_actOFF,st_actOFF,st_cookNO,142,26,12
30-10-2025 17:33:09,25,1,7.685671,70.125,st_actOFF,st_actOFF,st_cookNO,142,26,7
30-10-2025 17:33:11,25,1,7.685671,69.666,st_actOFF,st_actOFF,st_cookNO,147,30,13
30-10-2025 17:33:13,25,1,7.685671,69.666,st_actOFF,st_actOFF,st_cookNO,147,30,9
30-10-2025 17:33:15,25,1,7.685671,105.332,st_actOFF,st_actOFF,st_cookNO,139,24,11
30-10-2025 17:33:17,25,1,7.685671,105.332,st_actOFF,st_actOFF,st_cookNO,139,24,17
30-10-2025 17:33:19,25,1,6.306335,69.683,st_actOFF,st_actOFF,st_cookNO,150,23,12
30-10-2025 17:33:21,25,1,6.306335,69.683,st_actOFF,st_actOFF,st_cookNO,150,23,29
30-10-2025 17:33:23,25,1,6.306335,69.666,st_actOFF,st_actOFF,st_cookNO,105,21,16
30-10-2025 17:33:25,25,1,6.306335,69.666,st_actOFF,st_actOFF,st_cookNO,105,21,20
30-10-2025 17:33:27,25,1,6.306335,69.683,st_actOFF,st_actOFF,st_cookNO,120,28,27
30-10-2025 17:33:29,25,1,6.306335,69.683,st_actOFF,st_actOFF,st_cookNO,120,28,24
30-10-2025 17:33:31,25,1,6.306335,70.108,st_actOFF,st_actOFF,st_cookNO,156,303,17
30-10-2025 17:33:33,25,1,6.306335,70.108,st_actOFF,st_actOFF,st_cookNO,156,303,13
30-10-2025 17:33:35,25,1,5.674363,69.683,st_actOFF,st_actOFF,st_cookNO,109,26,25
30-10-2025 17:33:37,25,1,5.674363,69.683,st_actOFF,st_actOFF,st_cookNO,109,26,30
30-10-2025 17:33:39,24.9,1,5.674363,69.683,st_actOFF,st_actOFF,st_cookNO,140,325,28
30-10-2025 17:33:41,24.9,1,5.674363,69.683,st_actOFF,st_actOFF,st_cookNO,140,325,18
30-10-2025 17:33:43,24.9,1,5.674363,71.451,st_actOFF,st_actOFF,st_cookNO,119,20,18
30-10-2025 17:33:45,24.9,1,5.674363,71.451,st_actOFF,st_actOFF,st_cookNO,119,20,27
30-10-2025 17:33:48,24.9,1,5.674363,70.04,st_actOFF,st_actOFF,st_cookNO,119,20,318
30-10-2025 17:33:50,24.9,1,5.674363,70.04,st_actOFF,st_actOFF,st_cookNO,1432,25,12
30-10-2025 17:33:52,25,0,5.674363,71.196,st_actON,st_actON,st_cookNO,161,409,14
30-10-2025 17:33:54,25,0,5.674363,71.196,st_actON,st_actON,st_cookNO,161,409,24
30-10-2025 17:33:56,25,0,5.080039,71.621,st_actON,st_actON,st_cookNO,140,25,26
30-10-2025 17:33:58,25,0,5.080039,71.621,st_actON,st_actON,st_cookNO,140,25,24
30-10-2025 17:34:00,25,0,5.080039,71.621,st_actON,st_actON,st_cookNO,131,24,27
30-10-2025 17:34:02,25,0,5.080039,71.621,st_actON,st_actON,st_cookNO,131,24,11
30-10-2025 17:34:04,25,0,5.080039,6.613,st_actOFF,st_actOFF,st_cookNO,139,26,12
30-10-2025 17:34:06,25,0,5.080039,6.613,st_actOFF,st_actOFF,st_cookNO,139,26,34
30-10-2025 17:34:08,25,0,5.080039,4.386,st_actOFF,st_actOFF,st_cookNO,111,20,10
30-10-2025 17:34:10,25,0,5.080039,4.386,st_actOFF,st_actOFF,st_cookNO,111,20,28
30-10-2025 17:34:12,25,0,5.080039,8.857,st_actOFF,st_actOFF,st_cookNO,140,18,20
30-10-2025 17:34:14,25,0,5.080039,8.857,st_actOFF,st_actOFF,st_cookNO,140,18,36
30-10-2025 17:34:16,25,0,5.080039,7.565,st_actOFF,st_actOFF,st_cookNO,116,21,19
30-10-2025 17:34:18,25,0,5.080039,7.565,st_actOFF,st_actOFF,st_cookNO,116,21,11
30-10-2025 17:34:20,24.9,0,5.080039,7.565,st_actOFF,st_actOFF,st_cookNO,96,16,53
30-10-2025 17:34:22,24.9,0,5.080039,7.565,st_actOFF,st_actOFF,st_cookNO,96,16,23
30-10-2025 17:34:24,24.9,0,4.522746,7.259,st_actOFF,st_actOFF,st_cookNO,131,23,27
30-10-2025 17:34:26,24.9,0,4.522746,17.051,st_actOFF,st_actOFF,st_cookNO,131,23,90
30-10-2025 17:34:28,24.9,0,4.522746,17.051,st_actOFF,st_actOFF,st_cookNO,124,26,24
30-10-2025 17:34:30,24.9,0,4.522746,17.051,st_actOFF,st_actOFF,st_cookNO,124,26,7
30-10-2025 17:34:32,24.9,0,4.522746,18.326,st_actOFF,st_actOFF,st_cookNO,136,18,21
30-10-2025 17:34:34,24.9,0,4.522746,36.465,st_actON,st_actON,st_cookNO,120,18,9
30-10-2025 17:34:36,24.9,0,4.522746,36.465,st_actON,st_actON,st_cookNO,120,24,20
30-10-2025 17:34:38,24.9,0,4.522746,184.093,st_actON,st_actON,st_cookNO,136,24,23
30-10-2025 17:34:40,24.9,0,4.522746,184.093,st_actON,st_actON,st_cookNO,136,28,22
30-10-2025 17:34:42,24.9,0,4.522746,184.11,st_actON,st_actON,st_cookNO,122,22,22
30-10-2025 17:34:44,24.9,0,4.522746,184.11,st_actON,st_actON,st_cookNO,122,22,17
30-10-2025 17:34:46,24.9,0,4.522746,142.664,st_actON,st_actON,st_cookNO,142,23,19
30-10-2025 17:34:48,24.9,0,4.522746,142.664,st_actON,st_actON,st_cookNO,142,23,21
30-10-2025 17:34:51,24.8,0,4.001855,143.106,st_actON,st_actON,st_cookNO,134,26,25
30-10-2025 17:34:53,24.8,0,4.001855,143.106,st_actON,st_actON,st_cookNO,134,26,7
30-10-2025 17:34:55,24.8,0,4.001855,143.106,st_actON,st_actON,st_cookNO,134,26,10
30-10-2025 17:34:57,24.8,0,4.001855,184.144,st_actON,st_actON,st_cookNO,109,20,22
30-10-2025 17:34:59,24.8,0,4.001855,184.11,st_actON,st_actON,st_cookNO,141,50,20
30-10-2025 17:35:01,24.8,0,4.001855,184.11,st_actON,st_actON,st_cookNO,141,50,30
30-10-2025 17:35:03,24.8,0,4.001855,184.127,st_actON,st_actON,st_cookNO,128,50,18
30-10-2025 17:35:05,24.8,0,4.001855,184.127,st_actON,st_actON,st_cookNO,128,17,27
30-10-2025 17:35:07,24.8,0,4.001855,141.865,st_actON,st_actON,st_cookNO,128,17,20
30-10-2025 17:35:09,24.8,0,4.001855,141.865,st_actON,st_actON,st_cookNO,117,24,20
30-10-2025 17:35:11,24.8,1,4.001855,184.11,st_actOFF,st_actOFF,st_cookNO,132,17,12
30-10-2025 17:35:13,24.8,1,4.001855,184.11,st_actOFF,st_actOFF,st_cookNO,132,17,7
30-10-2025 17:35:15,24.8,1,4.001855,184.11,st_actOFF,st_actOFF,st_cookNO,117,17,24
30-10-2025 17:35:17,24.8,1,4.001855,184.11,st_actOFF,st_actOFF,st_cookNO,117,26,27
30-10-2025 17:35:19,24.7,1,4.001855,183.685,st_actOFF,st_actOFF,st_cookNO,137,19,21
30-10-2025 17:35:21,24.7,1,4.001855,183.685,st_actOFF,st_actOFF,st_cookNO,137,19,21
30-10-2025 17:35:23,24.7,1,4.001855,142.647,st_actOFF,st_actOFF,st_cookNO,141,22,21
30-10-2025 17:35:25,24.7,1,4.001855,142.647,st_actOFF,st_actOFF,st_cookNO,141,22,14
30-10-2025 17:35:27,24.7,1,4.001855,141.763,st_actOFF,st_actOFF,st_cookNO,107,24,22
30-10-2025 17:35:29,24.7,1,4.001855,141.763,st_actOFF,st_actOFF,st_cookNO,107,24,10
30-10-2025 17:35:31,24.7,1,4.001855,142.715,st_actOFF,st_actOFF,st_cookNO,102,26,22
30-10-2025 17:35:33,24.7,1,4.001855,142.715,st_actOFF,st_actOFF,st_cookNO,102,26,11
30-10-2025 17:35:35,24.7,1,4.001855,184.076,st_actOFF,st_actOFF,st_cookNO,107,23,25
30-10-2025 17:35:37,24.7,1,4.001855,184.076,st_actOFF,st_actOFF,st_cookNO,107,23,17
30-10-2025 17:35:39,24.7,1,4.001855,184.076,st_actOFF,st_actOFF,st_cookNO,107,23,199
30-10-2025 17:35:41,24.7,1,4.001855,142.29,st_actOFF,st_actOFF,st_cookNO,1952,75,25
30-10-2025 17:35:43,24.7,1,4.001855,10.965,st_actOFF,st_actOFF,st_cookNO,553,22,29
30-10-2025 17:35:45,24.7,1,4.001855,10.965,st_actOFF,st_actOFF,st_cookNO,553,22,29
30-10-2025 17:35:47,24.7,1,3.516721,12.682,st_actOFF,st_actOFF,st_cookNO,119,18,9
30-10-2025 17:35:49,24.7,1,3.516721,12.682,st_actOFF,st_actOFF,st_cookNO,119,18,26
30-10-2025 17:35:51,24.6,1,3.516721,10.948,st_actOFF,st_actOFF,st_cookNO,90,25,20
30-10-2025 17:35:54,24.6,1,3.516721,10.948,st_actOFF,st_actOFF,st_cookNO,90,25,24
30-10-2025 17:35:56,24.6,1,3.516721,141.389,st_actOFF,st_actOFF,st_cookNO,88,24,28
30-10-2025 17:35:58,24.6,1,3.516721,141.389,st_actOFF,st_actOFF,st_cookNO,88,24,20
30-10-2025 17:36:00,24.6,1,3.516721,142.256,st_actOFF,st_actOFF,st_cookNO,147,24,26
30-10-2025 17:36:02,24.6,1,3.516721,142.256,st_actOFF,st_actOFF,st_cookNO,147,24,9
30-10-2025 17:36:04,24.6,1,3.516721,184.144,st_actOFF,st_actOFF,st_cookNO,89,37,7
30-10-2025 17:36:06,24.6,1,3.516721,184.144,st_actOFF,st_actOFF,st_cookNO,89,37,11
30-10-2025 17:36:08,24.6,1,3.516721,184.161,st_actOFF,st_actOFF,st_cookNO,105,31,15
30-10-2025 17:36:10,24.6,1,3.516721,184.161,st_actOFF,st_actOFF,st_cookNO,105,31,15
30-10-2025 17:36:12,24.6,1,3.516721,142.681,st_actOFF,st_actOFF,st_cookNO,129,22,29
30-10-2025 17:36:14,24.6,1,3.516721,142.681,st_actOFF,st_actOFF,st_cookNO,129,22,25
30-10-2025 17:36:16,24.6,1,3.516721,142.256,st_actOFF,st_actOFF,st_cookNO,138,18,23
30-10-2025 17:36:18,24.6,1,3.516721,142.256,st_actOFF,st_actOFF,st_cookNO,138,18,33
30-10-2025 17:36:20,24.6,1,3.516721,36.227,st_actOFF,st_actOFF,st_cookNO,120,18,13
30-10-2025 17:36:22,24.6,1,3.516721,36.227,st_actOFF,st_actOFF,st_cookNO,120,18,11
30-10-2025 17:36:24,24.6,1,3.516721,141.814,st_actOFF,st_actOFF,st_cookNO,112,24,17
30-10-2025 17:36:26,24.6,1,3.516721,141.814,st_actOFF,st_actOFF,st_cookNO,112,24,25
30-10-2025 17:36:28,24.5,1,3.516721,142.256,st_actOFF,st_actOFF,st_cookNO,133,26,60
30-10-2025 17:36:30,24.5,1,3.516721,142.256,st_actOFF,st_actOFF,st_cookNO,133,26,39
30-10-2025 17:36:32,24.5,1,3.516721,141.797,st_actOFF,st_actOFF,st_cookNO,138,18,29
30-10-2025 17:36:34,24.5,1,3.516721,141.814,st_actOFF,st_actOFF,st_cookNO,138,18,78
30-10-2025 17:36:36,24.5,1,3.516721,141.814,st_actOFF,st_actOFF,st_cookNO,136,25,22
30-10-2025 17:36:38,24.5,1,3.516721,184.093,st_actOFF,st_actOFF,st_cookNO,136,25,40
30-10-2025 17:36:40,24.5,1,3.516721,184.093,st_actOFF,st_actOFF,st_cookNO,140,27,17
30-10-2025 17:36:42,24.5,1,3.516721,184.093,st_actOFF,st_actOFF,st_cookNO,140,27,26
30-10-2025 17:36:44,24.5,1,3.516721,141.814,st_actOFF,st_actOFF,st_cookNO,96,27,6
30-10-2025 17:36:46,24.5,1,3.516721,141.814,st_actOFF,st_actOFF,st_cookNO,96,27,6
30-10-2025 17:36:48,24.5,1,3.516721,142.256,st_actOFF,st_actOFF,st_cookNO,101,54,29
30-10-2025 17:36:50,24.5,1,3.516721,142.256,st_actOFF,st_actOFF,st_cookNO,101,54,17
30-10-2025 17:36:52,24.5,1,3.516721,141.474,st_actOFF,st_actOFF,st_cookNO,126,19,21
30-10-2025 17:36:54,24.5,1,3.516721,142.341,st_actOFF,st_actOFF,st_cookNO,102,31,25
30-10-2025 17:36:57,24.5,1,3.516721,142.341,st_actOFF,st_actOFF,st_cookNO,102,31,28
30-10-2025 17:36:59,24.5,1,3.516721,142.324,st_actOFF,st_actOFF,st_cookNO,114,26,26
30-10-2025 17:37:01,24.5,1,3.516721,142.324,st_actOFF,st_actOFF,st_cookNO,114,26,24
30-10-2025 17:37:03,24.5,1,3.516721,142.715,st_actOFF,st_actOFF,st_cookNO,139,24,22
30-10-2025 17:37:05,24.5,1,3.516721,142.715,st_actOFF,st_actOFF,st_cookNO,139,24,13
30-10-2025 17:37:07,24.5,1,3.516721,999,st_actOFF,st_actOFF,st_cookNO,127,22,6
30-10-2025 17:37:09,24.5,1,3.516721,999,st_actOFF,st_actOFF,st_cookNO,127,22,19
30-10-2025 17:37:11,24.5,1,3.516721,141.423,st_actOFF,st_actOFF,st_cookNO,132,27,20
30-10-2025 17:37:13,24.5,1,3.516721,141.423,st_actOFF,st_actOFF,st_cookNO,132,27,24
30-10-2025 17:37:15,24.5,1,3.516721,140.998,st_actOFF,st_actOFF,st_cookNO,124,27,22
30-10-2025 17:37:17,24.5,1,3.516721,140.998,st_actOFF,st_actOFF,st_cookNO,124,27,23
30-10-2025 17:37:19,24.5,1,3.516721,141.423,st_actOFF,st_actOFF,st_cookNO,134,26,27
30-10-2025 17:37:21,24.5,1,3.516721,141.423,st_actOFF,st_actOFF,st_cookNO,134,26,15
30-10-2025 17:37:23,24.4,1,3.066691,141.355,st_actOFF,st_actOFF,st_cookNO,129,26,14
30-10-2025 17:37:25,24.4,1,3.066691,141.355,st_actOFF,st_actOFF,st_cookNO,129,26,16
30-10-2025 17:37:27,24.4,1,3.066691,141.355,st_actOFF,st_actOFF,st_cookNO,129,26,12
30-10-2025 17:37:29,24.4,1,3.066691,141.355,st_actOFF,st_actOFF,st_cookNO,129,26,24
30-10-2025 17:37:31,24.4,1,3.066691,141.355,st_actOFF,st_actOFF,st_cookNO,129,26,15
30-10-2025 17:37:33,24.4,1,3.516721,141.406,st_actOFF,st_actOFF,st_cookNO,124,510,24
30-10-2025 17:37:35,24.4,1,3.516721,140.896,st_actOFF,st_actOFF,st_cookNO,136,16,21
30-10-2025 17:37:37,24.4,1,3.516721,140.896,st_actOFF,st_actOFF,st_cookNO,136,16,6
30-10-2025 17:37:39,24.4,1,3.516721,141.321,st_actOFF,st_actOFF,st_cookNO,139,23,26
30-10-2025 17:37:41,24.4,1,3.516721,141.321,st_actOFF,st_actOFF,st_cookNO,139,23,20
30-10-2025 17:37:43,24.4,1,3.516721,37.145,st_actOFF,st_actOFF,st_cookNO,129,21,20
30-10-2025 17:37:45,24.4,1,3.516721,37.145,st_actOFF,st_actOFF,st_cookNO,129,21,23
30-10-2025 17:37:47,24.4,1,3.066691,141.355,st_actOFF,st_actOFF,st_cookNO,129,17,22
30-10-2025 17:37:49,24.4,1,3.066691,141.355,st_actOFF,st_actOFF,st_cookNO,129,17,13
30-10-2025 17:37:51,24.4,1,3.066691,140.93,st_actOFF,st_actOFF,st_cookNO,162,26,29
30-10-2025 17:37:53,24.4,1,3.066691,140.93,st_actOFF,st_actOFF,st_cookNO,162,26,14
30-10-2025 17:37:55,24.4,1,0,140.913,st_actOFF,st_actOFF,st_cookNO,71,28,14
30-10-2025 17:37:57,24.4,1,0,140.913,st_actOFF,st_actOFF,st_cookNO,71,28,9
30-10-2025 17:37:59,24.4,1,0,141.355,st_actOFF,st_actOFF,st_cookNO,88,21,9
30-10-2025 17:38:01,24.4,1,0,141.355,st_actOFF,st_actOFF,st_cookNO,88,21,31
30-10-2025 17:38:03,24.4,1,0,141.372,st_actOFF,st_actOFF,st_cookNO,138,409,26
30-10-2025 17:38:05,24.4,1,0,141.372,st_actOFF,st_actOFF,st_cookNO,138,409,11
30-10-2025 17:38:07,24.4,1,0,119.629,st_actOFF,st_actOFF,st_cookNO,909,409,23
30-10-2025 17:38:09,24.4,1,0,119.629,st_actOFF,st_actOFF,st_cookNO,909,25,26
30-10-2025 17:38:12,24.4,1,0,141.321,st_actOFF,st_actOFF,st_cookNO,140,24,24
30-10-2025 17:38:14,24.4,1,0,141.321,st_actOFF,st_actOFF,st_cookNO,140,24,30
30-10-2025 17:38:16,24.4,1,0,141.763,st_actOFF,st_actOFF,st_cookNO,147,23,17
30-10-2025 17:38:18,24.4,1,0,141.763,st_actOFF,st_actOFF,st_cookNO,147,23,12
30-10-2025 17:38:20,24.5,1,0,140.896,st_actOFF,st_actOFF,st_cookNO,135,26,19
30-10-2025 17:38:22,24.5,1,0,140.896,st_actOFF,st_actOFF,st_cookNO,135,26,17
30-10-2025 17:38:24,24.5,1,0,141.338,st_actOFF,st_actOFF,st_cookNO,140,22,20
30-10-2025 17:38:26,24.5,1,0,141.338,st_actOFF,st_actOFF,st_cookNO,140,22,15
30-10-2025 17:38:28,24.5,1,0,140.947,st_actOFF,st_actOFF,st_cookNO,131,407,27
30-10-2025 17:38:30,24.5,1,0,140.947,st_actOFF,st_actOFF,st_cookNO,131,407,23
30-10-2025 17:38:32,24.5,1,0,140.862,st_actOFF,st_actOFF,st_cookNO,109,21,25
30-10-2025 17:38:34,24.5,1,0,140.862,st_actOFF,st_actOFF,st_cookNO,109,21,20
30-10-2025 17:38:36,24.5,1,0,140.862,st_actOFF,st_actOFF,st_cookNO,107,20,17
30-10-2025 17:38:38,24.5,1,0,140.862,st_actOFF,st_actOFF,st_cookNO,107,20,27
30-10-2025 17:38:40,24.5,1,0,141.678,st_actOFF,st_actOFF,st_cookNO,92,21,9
30-10-2025 17:38:42,24.5,1,0,141.678,st_actOFF,st_actOFF,st_cookNO,92,21,10
30-10-2025 17:38:44,24.5,1,0,143.395,st_actOFF,st_actOFF,st_cookNO,138,32,24
30-10-2025 17:38:46,24.5,1,0,143.395,st_actOFF,st_actOFF,st_cookNO,138,32,15
30-10-2025 17:38:48,24.5,1,0,141.712,st_actOFF,st_actOFF,st_cookNO,123,21,22
30-10-2025 17:38:50,24.5,1,0,141.712,st_actOFF,st_actOFF,st_cookNO,123,21,23
30-10-2025 17:38:52,24.5,1,0,183.668,st_actOFF,st_actOFF,st_cookNO,91,296,21
30-10-2025 17:38:54,24.5,1,0,183.668,st_actOFF,st_actOFF,st_cookNO,91,296,24
30-10-2025 17:38:56,24.5,1,0,36.227,st_actOFF,st_actOFF,st_cookNO,135,18,10
30-10-2025 17:38:58,24.5,1,0,36.227,st_actOFF,st_actOFF,st_cookNO,135,18,19
30-10-2025 17:39:00,24.6,1,0,141.695,st_actOFF,st_actOFF,st_cookNO,76,24,29
30-10-2025 17:39:02,24.6,1,0,140.811,st_actOFF,st_actOFF,st_cookNO,93,24,44
30-10-2025 17:39:04,24.6,1,0,140.811,st_actOFF,st_actOFF,st_cookNO,93,21,20
30-10-2025 17:39:06,24.6,1,0,140.811,st_actOFF,st_actOFF,st_cookNO,93,21,12
30-10-2025 17:39:08,24.6,1,0,141.27,st_actOFF,st_actOFF,st_cookNO,95,22,13
30-10-2025 17:39:10,24.6,1,0,140.896,st_actOFF,st_actOFF,st_cookNO,117,22,11
30-10-2025 17:39:12,24.6,1,0,140.896,st_actOFF,st_actOFF,st_cookNO,117,21,11
30-10-2025 17:39:14,24.6,1,0,140.896,st_actOFF,st_actOFF,st_cookNO,117,21,14
30-10-2025 17:39:16,24.6,1,0,141.321,st_actOFF,st_actOFF,st_cookNO,86,224,8
30-10-2025 17:39:18,24.6,1,0,140.845,st_actOFF,st_actOFF,st_cookNO,82,23,4
30-10-2025 17:39:20,24.6,1,0,140.845,st_actOFF,st_actOFF,st_cookNO,82,23,6
30-10-2025 17:39:22,24.6,1,0,141.219,st_actOFF,st_actOFF,st_cookNO,112,23,24
30-10-2025 17:39:24,24.6,1,0,141.219,st_actOFF,st_actOFF,st_cookNO,112,23,8
30-10-2025 17:39:26,24.6,1,0,141.644,st_actOFF,st_actOFF,st_cookNO,90,21,14
30-10-2025 17:39:28,24.6,1,0,141.644,st_actOFF,st_actOFF,st_cookNO,90,21,26
30-10-2025 17:39:31,24.6,1,0,141.202,st_actOFF,st_actOFF,st_cookNO,109,24,17
30-10-2025 17:39:33,24.6,1,0,141.202,st_actOFF,st_actOFF,st_cookNO,109,24,10
30-10-2025 17:39:35,24.7,1,0,4.063,st_actOFF,st_actOFF,st_cookNO,87,28,8
30-10-2025 17:39:37,24.7,1,0,4.063,st_actOFF,st_actOFF,st_cookNO,87,28,7
30-10-2025 17:39:39,24.7,1,0,4.352,st_actOFF,st_actOFF,st_cookNO,100,26,15
30-10-2025 17:39:41,24.7,1,0,4.352,st_actOFF,st_actOFF,st_cookNO,100,26,14
30-10-2025 17:39:43,24.7,1,0,51.187,st_actOFF,st_actOFF,st_cookNO,92,24,23
30-10-2025 17:39:45,24.7,1,0,51.187,st_actOFF,st_actOFF,st_cookNO,92,24,8
30-10-2025 17:39:47,24.7,1,0,999,st_actOFF,st_actOFF,st_cookNO,87,24,8
30-10-2025 17:39:49,24.7,1,0,999,st_actOFF,st_actOFF,st_cookNO,87,512,7
30-10-2025 17:39:51,24.7,1,0,51.034,st_actOFF,st_actOFF,st_cookNO,98,21,15
30-10-2025 17:39:53,24.7,1,0,51.034,st_actOFF,st_actOFF,st_cookNO,98,21,15
30-10-2025 17:39:55,24.7,1,0,51.034,st_actOFF,st_actOFF,st_cookNO,98,21,9
30-10-2025 17:39:57,24.7,1,0,51.034,st_actOFF,st_actOFF,st_cookNO,98,21,12
30-10-2025 17:39:59,24.7,1,0,51.034,st_actOFF,st_actOFF,st_cookNO,98,21,8
30-10-2025 17:40:01,24.7,1,0,51.034,st_actOFF,st_actOFF,st_cookNO,98,21,8
30-10-2025 17:40:03,24.7,1,0,51.034,st_actOFF,st_actOFF,st_cookNO,98,21,8
30-10-2025 17:40:05,24.7,1,0,141.168,st_actOFF,st_actOFF,st_cookNO,81,23,6
30-10-2025 17:40:07,24.7,1,0,141.168,st_actOFF,st_actOFF,st_cookNO,81,23,7
30-10-2025 17:40:09,24.8,1,0,141.576,st_actOFF,st_actOFF,st_cookNO,86,62,5
30-10-2025 17:40:11,24.8,1,0,141.576,st_actOFF,st_actOFF,st_cookNO,86,62,6
30-10-2025 17:40:13,24.8,1,0,141.576,st_actOFF,st_actOFF,st_cookNO,86,62,4
30-10-2025 17:40:15,24.8,1,0,141.593,st_actOFF,st_actOFF,st_cookNO,85,16,7
30-10-2025 17:40:17,24.8,1,0,141.593,st_actOFF,st_actOFF,st_cookNO,85,16,8
30-10-2025 17:40:19,24.8,1,0,141.593,st_actOFF,st_actOFF,st_cookNO,75,62,6
30-10-2025 17:40:21,24.8,1,0,141.593,st_actOFF,st_actOFF,st_cookNO,75,62,5
30-10-2025 17:40:23,24.8,1,0,141.066,st_actOFF,st_actOFF,st_cookNO,81,62,9
30-10-2025 17:40:25,24.8,1,0,141.576,st_actOFF,st_actOFF,st_cookNO,86,59,5
30-10-2025 17:40:27,24.8,1,0,141.576,st_actOFF,st_actOFF,st_cookNO,86,59,7
30-10-2025 17:40:29,24.8,1,0,141.576,st_actOFF,st_actOFF,st_cookNO,86,59,6
30-10-2025 17:40:31,24.8,1,0,141.151,st_actOFF,st_actOFF,st_cookNO,80,59,6
30-10-2025 17:40:33,24.8,1,0,141.151,st_actOFF,st_actOFF,st_cookNO,80,59,5
30-10-2025 17:40:35,24.8,1,0,140.352,st_actOFF,st_actOFF,st_cookNO,89,17,6
30-10-2025 17:40:37,24.8,1,0,140.352,st_actOFF,st_actOFF,st_cookNO,89,17,8
30-10-2025 17:40:39,24.8,1,0,37.825,st_actOFF,st_actOFF,st_cookNO,89,17,29
30-10-2025 17:40:41,24.8,1,0,37.825,st_actOFF,st_actOFF,st_cookNO,940,17,5
30-10-2025 17:40:43,24.8,1,0,37.825,st_actOFF,st_actOFF,st_cookNO,940,17,6
30-10-2025 17:40:45,24.8,1,0,37.825,st_actOFF,st_actOFF,st_cookNO,940,17,6
30-10-2025 17:40:47,24.8,1,0,37.825,st_actOFF,st_actOFF,st_cookNO,940,17,6
30-10-2025 17:40:49,24.8,1,0,37.825,st_actOFF,st_actOFF,st_cookNO,940,17,7
30-10-2025 17:40:51,24.8,1,0,37.825,st_actOFF,st_actOFF,st_cookNO,940,17,5
30-10-2025 17:40:53,24.9,1,0,141.967,st_actOFF,st_actOFF,st_cookNO,81,29,7
30-10-2025 17:40:55,24.9,1,0,141.168,st_actOFF,st_actOFF,st_cookNO,85,26,7
30-10-2025 17:40:57,24.9,1,0,141.168,st_actOFF,st_actOFF,st_cookNO,85,26,6
30-10-2025 17:40:59,24.9,1,0,140.743,st_actOFF,st_actOFF,st_cookNO,84,35,6
30-10-2025 17:41:01,24.9,1,0,140.743,st_actOFF,st_actOFF,st_cookNO,84,35,7
30-10-2025 17:41:03,24.9,1,0,140.726,st_actOFF,st_actOFF,st_cookNO,86,19,6
30-10-2025 17:41:05,24.9,1,0,140.726,st_actOFF,st_actOFF,st_cookNO,86,19,8
30-10-2025 17:41:07,24.9,1,0,140.743,st_actOFF,st_actOFF,st_cookNO,140,21,22
30-10-2025 17:41:09,24.9,1,0,140.743,st_actOFF,st_actOFF,st_cookNO,140,21,7
30-10-2025 17:41:11,24.9,1,0,140.726,st_actOFF,st_actOFF,st_cookNO,106,25,25
30-10-2025 17:41:13,24.9,1,0,140.726,st_actOFF,st_actOFF,st_cookNO,106,25,11
30-10-2025 17:41:15,24.9,1,0,141.168,st_actOFF,st_actOFF,st_cookNO,111,17,25
30-10-2025 17:41:17,24.9,1,0,141.168,st_actOFF,st_actOFF,st_cookNO,111,17,26
30-10-2025 17:41:19,24.9,1,0,141.508,st_actOFF,st_actOFF,st_cookNO,146,17,22
30-10-2025 17:41:21,24.9,1,0,141.508,st_actOFF,st_actOFF,st_cookNO,146,17,25
30-10-2025 17:41:23,25,1,0,140.726,st_actOFF,st_actOFF,st_cookNO,127,22,21
30-10-2025 17:41:26,25,1,0,140.726,st_actOFF,st_actOFF,st_cookNO,127,22,14
30-10-2025 17:41:28,25,1,0,140.097,st_actOFF,st_actOFF,st_cookNO,131,22,16
30-10-2025 17:41:30,25,1,0,140.097,st_actOFF,st_actOFF,st_cookNO,131,22,15
30-10-2025 17:41:32,25,1,0,141.967,st_actOFF,st_actOFF,st_cookNO,136,513,21
30-10-2025 17:41:34,25,1,0,141.967,st_actOFF,st_actOFF,st_cookNO,136,513,21
30-10-2025 17:41:36,25,1,0,141.049,st_actOFF,st_actOFF,st_cookNO,132,29,19
30-10-2025 17:41:38,25,1,0,141.049,st_actOFF,st_actOFF,st_cookNO,132,29,23
30-10-2025 17:41:40,25,1,0,140.607,st_actOFF,st_actOFF,st_cookNO,93,21,21
30-10-2025 17:41:42,25,1,0,140.607,st_actOFF,st_actOFF,st_cookNO,93,21,6
30-10-2025 17:41:44,25,1,0,36.21,st_actOFF,st_actOFF,st_cookNO,104,26,19
30-10-2025 17:41:46,25,1,0,36.21,st_actOFF,st_actOFF,st_cookNO,104,26,17
30-10-2025 17:41:48,25,1,0,30.872,st_actOFF,st_actOFF,st_cookNO,128,23,13
30-10-2025 17:41:50,25,1,0,30.872,st_actOFF,st_actOFF,st_cookNO,128,23,21
30-10-2025 17:41:52,25,1,0,36.006,st_actOFF,st_actOFF,st_cookNO,121,24,18
30-10-2025 17:41:54,25,1,0,36.006,st_actOFF,st_actOFF,st_cookNO,121,24,6
30-10-2025 17:41:56,25,1,0,36.006,st_actOFF,st_actOFF,st_cookNO,125,38,13
30-10-2025 17:41:58,25,1,0,36.006,st_actOFF,st_actOFF,st_cookNO,125,38,23
30-10-2025 17:42:00,25,1,0,140.641,st_actOFF,st_actOFF,st_cookNO,144,409,18
30-10-2025 17:42:02,25,1,0,140.641,st_actOFF,st_actOFF,st_cookNO,144,409,15
30-10-2025 17:42:04,25,1,0,140.692,st_actOFF,st_actOFF,st_cookNO,130,23,22
30-10-2025 17:42:06,25,1,0,140.692,st_actOFF,st_actOFF,st_cookNO,130,23,11
30-10-2025 17:42:08,25,1,0,141.049,st_actOFF,st_actOFF,st_cookNO,124,21,21
30-10-2025 17:42:10,25,1,0,141.049,st_actOFF,st_actOFF,st_cookNO,124,21,24
30-10-2025 17:42:12,25,1,0,140.607,st_actOFF,st_actOFF,st_cookNO,130,27,24
30-10-2025 17:42:14,25,1,0,140.607,st_actOFF,st_actOFF,st_cookNO,130,27,21
30-10-2025 17:42:16,25,1,0,140.692,st_actOFF,st_actOFF,st_cookNO,105,23,20
30-10-2025 17:42:18,25,1,0,140.692,st_actOFF,st_actOFF,st_cookNO,105,23,34
30-10-2025 17:42:20,25,1,0,36.227,st_actOFF,st_actOFF,st_cookNO,129,21,21
30-10-2025 17:42:22,25,1,0,36.227,st_actOFF,st_actOFF,st_cookNO,129,21,22
30-10-2025 17:42:24,25,1,0,140.692,st_actOFF,st_actOFF,st_cookNO,112,20,22
30-10-2025 17:42:26,25,1,0,140.692,st_actOFF,st_actOFF,st_cookNO,112,20,17
30-10-2025 17:42:28,25,1,0,999,st_actOFF,st_actOFF,st_cookNO,149,19,23
30-10-2025 17:42:30,25,1,0,143.174,st_actOFF,st_actOFF,st_cookNO,147,19,15
30-10-2025 17:42:32,25,1,0,143.174,st_actOFF,st_actOFF,st_cookNO,147,78,24
30-10-2025 17:42:34,25,1,0,36.21,st_actOFF,st_actOFF,st_cookNO,111,78,30
30-10-2025 17:42:36,25,1,0,36.21,st_actOFF,st_actOFF,st_cookNO,111,42,9
30-10-2025 17:42:38,25,1,0,999,st_actOFF,st_actOFF,st_cookNO,140,42,21
30-10-2025 17:42:40,25,1,0,999,st_actOFF,st_actOFF,st_cookNO,140,409,22
30-10-2025 17:42:43,25,1,0,999,st_actOFF,st_actOFF,st_cookNO,132,21,25
30-10-2025 17:42:45,25,1,0,999,st_actOFF,st_actOFF,st_cookNO,132,21,17
30-10-2025 17:42:47,25,1,0,36.482,st_actOFF,st_actOFF,st_cookNO,120,21,12
30-10-2025 17:42:49,25,1,0,36.482,st_actOFF,st_actOFF,st_cookNO,120,21,16
30-10-2025 17:42:51,25,1,0,999,st_actOFF,st_actOFF,st_cookNO,102,23,23
30-10-2025 17:42:53,25,1,0,999,st_actOFF,st_actOFF,st_cookNO,102,23,8
30-10-2025 17:42:55,25,1,0,16.439,st_actOFF,st_actOFF,st_cookNO,130,23,19
30-10-2025 17:42:57,25,1,0,16.439,st_actOFF,st_actOFF,st_cookNO,130,409,17
30-10-2025 17:42:59,25.1,1,0,18.326,st_actOFF,st_actOFF,st_cookNO,126,20,16
30-10-2025 17:43:01,25.1,1,0,18.326,st_actOFF,st_actOFF,st_cookNO,126,20,18
30-10-2025 17:43:03,25.1,1,0,36.227,st_actOFF,st_actOFF,st_cookNO,118,21,30
30-10-2025 17:43:05,25.1,1,0,36.227,st_actOFF,st_actOFF,st_cookNO,118,21,15
30-10-2025 17:43:07,25.1,1,0,142.324,st_actOFF,st_actOFF,st_cookNO,130,23,29
30-10-2025 17:43:09,25.1,1,0,142.324,st_actOFF,st_actOFF,st_cookNO,130,23,22
30-10-2025 17:43:11,25.1,1,0,142.307,st_actOFF,st_actOFF,st_cookNO,134,22,24
30-10-2025 17:43:13,25.1,1,0,142.307,st_actOFF,st_actOFF,st_cookNO,134,22,6
30-10-2025 17:43:15,25.1,1,0,141.1,st_actOFF,st_actOFF,st_cookNO,105,22,14
30-10-2025 17:43:17,25.1,1,0,141.1,st_actOFF,st_actOFF,st_cookNO,105,512,22
30-10-2025 17:43:19,25.1,1,0,42.806,st_actOFF,st_actOFF,st_cookNO,137,19,34
30-10-2025 17:43:21,25.1,1,0,42.806,st_actOFF,st_actOFF,st_cookNO,137,19,22
30-10-2025 17:43:23,25.1,1,0,11.305,st_actOFF,st_actOFF,st_cookNO,122,22,12
30-10-2025 17:43:25,25.1,1,0,11.305,st_actOFF,st_actOFF,st_cookNO,122,22,15
30-10-2025 17:43:27,25.1,1,0,49.997,st_actOFF,st_actOFF,st_cookNO,123,22,17
30-10-2025 17:43:29,25.1,1,0,49.997,st_actOFF,st_actOFF,st_cookNO,123,22,19
30-10-2025 17:43:31,25.1,1,0,29.325,st_actOFF,st_actOFF,st_cookNO,129,19,19
30-10-2025 17:43:33,25.1,1,0,29.325,st_actOFF,st_actOFF,st_cookNO,129,19,16
30-10-2025 17:43:35,25.1,1,0,38.522,st_actOFF,st_actOFF,st_cookNO,102,21,11
30-10-2025 17:43:37,25.1,1,0,38.522,st_actOFF,st_actOFF,st_cookNO,102,21,21
30-10-2025 17:43:39,25.2,1,0,38.267,st_actOFF,st_actOFF,st_cookNO,132,18,11
30-10-2025 17:43:41,25.2,1,0,38.267,st_actOFF,st_actOFF,st_cookNO,132,18,7
30-10-2025 17:43:43,25.2,1,0,39.644,st_actOFF,st_actOFF,st_cookNO,99,17,26
30-10-2025 17:43:45,25.2,1,0,39.644,st_actOFF,st_actOFF,st_cookNO,99,17,26
30-10-2025 17:43:47,25.2,1,0,183.413,st_actOFF,st_actOFF,st_cookNO,112,21,23
30-10-2025 17:43:49,25.2,1,0,183.413,st_actOFF,st_actOFF,st_cookNO,112,21,20
30-10-2025 17:43:51,25.2,1,0,43.979,st_actOFF,st_actOFF,st_cookNO,100,20,26
30-10-2025 17:43:53,25.2,1,0,43.979,st_actOFF,st_actOFF,st_cookNO,100,20,20
30-10-2025 17:43:55,25.2,1,0,141.049,st_actOFF,st_actOFF,st_cookNO,117,20,26
30-10-2025 17:43:58,25.2,1,0,141.049,st_actOFF,st_actOFF,st_cookNO,117,20,25
30-10-2025 17:44:00,25.2,1,0,37.587,st_actOFF,st_actOFF,st_cookNO,121,22,27
30-10-2025 17:44:02,25.2,1,0,37.587,st_actOFF,st_actOFF,st_cookNO,121,22,23
30-10-2025 17:44:04,25.3,1,0,38.522,st_actOFF,st_actOFF,st_cookNO,121,21,14
30-10-2025 17:44:06,25.3,1,0,38.522,st_actOFF,st_actOFF,st_cookNO,121,21,22
30-10-2025 17:44:08,25.3,1,0,42.789,st_actOFF,st_actOFF,st_cookNO,94,23,19
30-10-2025 17:44:10,25.3,1,0,42.789,st_actOFF,st_actOFF,st_cookNO,94,23,11
30-10-2025 17:44:12,25.3,1,0,141.032,st_actOFF,st_actOFF,st_cookNO,126,25,24
30-10-2025 17:44:14,25.3,1,0,141.032,st_actOFF,st_actOFF,st_cookNO,126,25,18
30-10-2025 17:44:16,25.3,1,0,141.389,st_actOFF,st_actOFF,st_cookNO,90,23,20
30-10-2025 17:44:18,25.3,1,0,141.389,st_actOFF,st_actOFF,st_cookNO,90,23,26
30-10-2025 17:44:20,25.3,1,0,999,st_actOFF,st_actOFF,st_cookNO,130,21,10
30-10-2025 17:44:22,25.3,1,0,999,st_actOFF,st_actOFF,st_cookNO,130,21,22
30-10-2025 17:44:24,25.3,1,0,143.616,st_actOFF,st_actOFF,st_cookNO,141,27,21
30-10-2025 17:44:26,25.3,1,0,143.616,st_actOFF,st_actOFF,st_cookNO,141,27,25
30-10-2025 17:44:33,25.4,1,0,142.732,st_actOFF,st_actOFF,st_cookNO,0,0,93
30-10-2025 17:44:35,25.4,1,0,122.876,st_actOFF,st_actOFF,st_cookNO,114,24,8
30-10-2025 17:44:37,25.4,1,0,122.876,st_actOFF,st_actOFF,st_cookNO,114,24,12
30-10-2025 17:44:39,25.4,1,0,141.117,st_actOFF,st_actOFF,st_cookNO,88,21,17
30-10-2025 17:44:41,25.4,1,0,141.117,st_actOFF,st_actOFF,st_cookNO,88,21,50
30-10-2025 17:44:43,25.4,1,0,36.924,st_actOFF,st_actOFF,st_cookNO,142,20,12
30-10-2025 17:44:45,25.4,1,0,36.924,st_actOFF,st_actOFF,st_cookNO,142,20,14
30-10-2025 17:44:47,25.4,1,0,141.117,st_actOFF,st_actOFF,st_cookNO,91,31,30
30-10-2025 17:44:49,25.4,1,0,141.117,st_actOFF,st_actOFF,st_cookNO,91,31,28
30-10-2025 17:44:51,25.4,1,0,140.675,st_actOFF,st_actOFF,st_cookNO,150,20,21
30-10-2025 17:44:53,25.4,1,0,140.675,st_actOFF,st_actOFF,st_cookNO,150,20,11
30-10-2025 17:44:55,25.4,1,0,141.049,st_actOFF,st_actOFF,st_cookNO,82,22,7
30-10-2025 17:44:57,25.4,1,0,141.049,st_actOFF,st_actOFF,st_cookNO,82,22,13
30-10-2025 17:44:59,25.4,1,0,37.808,st_actOFF,st_actOFF,st_cookNO,85,21,12
30-10-2025 17:45:01,25.4,1,0,37.808,st_actOFF,st_actOFF,st_cookNO,85,21,17
30-10-2025 17:45:03,25.4,1,0,140.692,st_actOFF,st_actOFF,st_cookNO,98,20,10
30-10-2025 17:45:05,25.4,1,0,140.692,st_actOFF,st_actOFF,st_cookNO,98,20,18
30-10-2025 17:45:07,25.5,1,0,140.675,st_actOFF,st_actOFF,st_cookNO,97,20,26
30-10-2025 17:45:09,25.5,1,0,140.675,st_actOFF,st_actOFF,st_cookNO,97,20,13
30-10-2025 17:45:11,25.5,1,0,141.559,st_actOFF,st_actOFF,st_cookNO,106,24,21
30-10-2025 17:45:13,25.5,1,0,141.559,st_actOFF,st_actOFF,st_cookNO,106,24,14
30-10-2025 17:45:15,25.5,1,0,141.933,st_actOFF,st_actOFF,st_cookNO,101,511,20
30-10-2025 17:45:17,25.5,1,0,141.933,st_actOFF,st_actOFF,st_cookNO,101,511,8
30-10-2025 17:45:19,25.5,1,0,142.358,st_actOFF,st_actOFF,st_cookNO,89,25,22
30-10-2025 17:45:21,25.5,1,0,142.358,st_actOFF,st_actOFF,st_cookNO,89,25,11
30-10-2025 17:45:23,25.5,1,0,141.049,st_actOFF,st_actOFF,st_cookNO,136,16,22
30-10-2025 17:45:25,25.5,1,0,141.049,st_actOFF,st_actOFF,st_cookNO,136,16,8
30-10-2025 17:45:27,25.5,1,0,36.21,st_actOFF,st_actOFF,st_cookNO,107,59,23
30-10-2025 17:45:29,25.5,1,0,36.21,st_actOFF,st_actOFF,st_cookNO,107,59,12
30-10-2025 17:45:31,25.5,1,0,141.049,st_actOFF,st_actOFF,st_cookNO,95,22,13
30-10-2025 17:45:33,25.5,1,0,141.049,st_actOFF,st_actOFF,st_cookNO,95,22,22
30-10-2025 17:45:36,25.5,1,0,22.712,st_actOFF,st_actOFF,st_cookNO,108,17,23
30-10-2025 17:45:38,25.5,1,0,22.712,st_actOFF,st_actOFF,st_cookNO,108,17,10
30-10-2025 17:45:40,25.5,1,0,38.964,st_actOFF,st_actOFF,st_cookNO,80,20,16
30-10-2025 17:45:42,25.5,1,0,38.964,st_actOFF,st_actOFF,st_cookNO,80,20,15
30-10-2025 17:45:44,25.5,1,0,22.729,st_actOFF,st_actOFF,st_cookNO,109,17,28
30-10-2025 17:45:46,25.5,1,0,22.729,st_actOFF,st_actOFF,st_cookNO,109,17,16
30-10-2025 17:45:48,25.5,1,0,37.366,st_actOFF,st_actOFF,st_cookNO,825,25,27
30-10-2025 17:45:50,25.5,1,0,37.366,st_actOFF,st_actOFF,st_cookNO,825,25,22
30-10-2025 17:45:52,25.5,1,0,29.036,st_actOFF,st_actOFF,st_cookNO,81,26,21
30-10-2025 17:45:54,25.5,1,0,29.036,st_actOFF,st_actOFF,st_cookNO,81,26,15
30-10-2025 17:45:56,25.5,1,0,39.44,st_actOFF,st_actOFF,st_cookNO,104,26,21
30-10-2025 17:45:58,25.5,1,0,39.44,st_actOFF,st_actOFF,st_cookNO,104,26,18
30-10-2025 17:46:00,25.5,1,0,12.325,st_actOFF,st_actOFF,st_cookNO,85,20,26
30-10-2025 17:46:02,25.5,1,0,12.325,st_actOFF,st_actOFF,st_cookNO,85,20,15
30-10-2025 17:46:15,25.4,1,0,141.1,st_actOFF,st_actOFF,st_cookNO,0,0,61
30-10-2025 17:46:17,25.4,1,0,141.1,st_actOFF,st_actOFF,st_cookNO,0,413,9
30-10-2025 17:46:19,25.4,1,0,140.692,st_actOFF,st_actOFF,st_cookNO,114,23,8
30-10-2025 17:46:21,25.4,1,0,140.692,st_actOFF,st_actOFF,st_cookNO,114,23,18
30-10-2025 17:46:23,25.4,1,0,141.117,st_actOFF,st_actOFF,st_cookNO,114,23,58
30-10-2025 17:46:25,25.4,1,0,141.117,st_actOFF,st_actOFF,st_cookNO,152,409,25
30-10-2025 17:46:27,25.4,1,0,140.675,st_actOFF,st_actOFF,st_cookNO,116,22,14
30-10-2025 17:46:29,25.4,1,0,140.675,st_actOFF,st_actOFF,st_cookNO,116,22,10
30-10-2025 17:46:31,25.4,1,0,141.202,st_actOFF,st_actOFF,st_cookNO,145,22,25
30-10-2025 17:46:33,25.4,1,0,141.202,st_actOFF,st_actOFF,st_cookNO,145,22,28
30-10-2025 17:46:35,25.4,1,0,141.202,st_actOFF,st_actOFF,st_cookNO,145,2765,21
30-10-2025 17:46:37,25.4,1,0,140.777,st_actOFF,st_actOFF,st_cookNO,145,2765,23
30-10-2025 17:46:39,25.4,1,0,140.777,st_actOFF,st_actOFF,st_cookNO,145,2765,29
30-10-2025 17:46:41,25.4,1,0,140.692,st_actOFF,st_actOFF,st_cookNO,112,20,23
30-10-2025 17:46:43,25.4,1,0,140.692,st_actOFF,st_actOFF,st_cookNO,112,20,21
30-10-2025 17:46:45,25.4,1,0,36.465,st_actOFF,st_actOFF,st_cookNO,128,24,13
30-10-2025 17:46:47,25.4,1,0,36.465,st_actOFF,st_actOFF,st_cookNO,128,24,22
30-10-2025 17:46:49,25.4,1,0,141.151,st_actOFF,st_actOFF,st_cookNO,108,20,27
30-10-2025 17:46:51,25.4,1,0,141.151,st_actOFF,st_actOFF,st_cookNO,108,20,21
30-10-2025 17:46:53,25.4,1,0,37.366,st_actOFF,st_actOFF,st_cookNO,139,21,12
30-10-2025 17:46:55,25.4,1,0,37.366,st_actOFF,st_actOFF,st_cookNO,139,21,12
30-10-2025 17:46:57,25.4,1,0,140.709,st_actOFF,st_actOFF,st_cookNO,103,18,12
30-10-2025 17:46:59,25.4,1,0,140.709,st_actOFF,st_actOFF,st_cookNO,103,18,19
30-10-2025 17:47:01,25.4,1,0,141.542,st_actOFF,st_actOFF,st_cookNO,98,21,21
30-10-2025 17:47:03,25.4,1,0,141.542,st_actOFF,st_actOFF,st_cookNO,98,21,81
30-10-2025 17:47:05,25.4,1,0,141.219,st_actOFF,st_actOFF,st_cookNO,112,23,22
30-10-2025 17:47:07,25.4,1,0,141.219,st_actOFF,st_actOFF,st_cookNO,112,23,22
30-10-2025 17:47:09,25.3,1,0,140.743,st_actOFF,st_actOFF,st_cookNO,105,19,24
30-10-2025 17:47:11,25.3,1,0,140.743,st_actOFF,st_actOFF,st_cookNO,105,19,7
30-10-2025 17:47:14,25.3,1,0,121.788,st_actOFF,st_actOFF,st_cookNO,107,15,15
30-10-2025 17:47:16,25.3,1,0,140.709,st_actOFF,st_actOFF,st_cookNO,102,21,24
30-10-2025 17:47:18,25.3,1,0,140.709,st_actOFF,st_actOFF,st_cookNO,102,21,21
30-10-2025 18:00:46,25.3,1,0,141.032,st_actOFF,st_actOFF,st_cookNO,94,19,22
30-10-2025 18:00:48,25.3,1,0,140.964,st_actOFF,st_actOFF,st_cookNO,99,16,14
30-10-2025 18:00:51,25.3,1,0,140.964,st_actOFF,st_actOFF,st_cookNO,99,16,22
30-10-2025 18:00:53,25.3,1,0,140.165,st_actOFF,st_actOFF,st_cookNO,92,17,23
30-10-2025 18:00:55,25.3,1,0,140.165,st_actOFF,st_actOFF,st_cookNO,92,17,15
30-10-2025 18:00:57,25.3,1,0,140.607,st_actOFF,st_actOFF,st_cookNO,93,18,5
30-10-2025 18:00:59,25.3,1,0,140.607,st_actOFF,st_actOFF,st_cookNO,93,18,20
30-10-2025 18:01:01,25.3,1,0,141.865,st_actOFF,st_actOFF,st_cookNO,89,19,5
30-10-2025 18:01:03,25.3,1,0,141.865,st_actOFF,st_actOFF,st_cookNO,89,19,13
30-10-2025 18:01:05,25.3,1,0,140.624,st_actOFF,st_actOFF,st_cookNO,92,16,19
30-10-2025 18:01:07,25.3,1,0,140.624,st_actOFF,st_actOFF,st_cookNO,92,16,14
30-10-2025 18:01:09,25.3,1,0,36.227,st_actOFF,st_actOFF,st_cookNO,93,16,25
30-10-2025 18:01:11,25.3,1,0,36.227,st_actOFF,st_actOFF,st_cookNO,93,16,8
30-10-2025 18:01:13,25.2,1,0,36.21,st_actOFF,st_actOFF,st_cookNO,83,512,12
30-10-2025 18:01:15,25.2,1,0,36.21,st_actOFF,st_actOFF,st_cookNO,83,512,11
30-10-2025 18:01:17,25.2,1,0,140.692,st_actOFF,st_actOFF,st_cookNO,97,15,10
30-10-2025 18:01:19,25.2,1,0,140.692,st_actOFF,st_actOFF,st_cookNO,97,15,13
30-10-2025 18:01:21,25.2,1,0,140.216,st_actOFF,st_actOFF,st_cookNO,87,17,17
30-10-2025 18:01:23,25.2,1,0,140.216,st_actOFF,st_actOFF,st_cookNO,87,17,22
30-10-2025 18:01:25,25.2,1,0,139.808,st_actOFF,st_actOFF,st_cookNO,103,19,20
30-10-2025 18:01:27,25.2,1,0,139.808,st_actOFF,st_actOFF,st_cookNO,103,19,20
30-10-2025 18:01:29,25.2,1,0,140.675,st_actOFF,st_actOFF,st_cookNO,825,24,12
30-10-2025 18:01:31,25.2,1,0,140.675,st_actOFF,st_actOFF,st_cookNO,825,24,21
30-10-2025 18:01:33,25.2,1,0,140.25,st_actOFF,st_actOFF,st_cookNO,97,512,9
30-10-2025 18:01:35,25.2,1,0,140.25,st_actOFF,st_actOFF,st_cookNO,97,512,9
30-10-2025 18:01:37,25.2,1,0,140.692,st_actOFF,st_actOFF,st_cookNO,98,29,12
30-10-2025 18:01:39,25.2,1,0,140.692,st_actOFF,st_actOFF,st_cookNO,98,29,12
30-10-2025 18:01:41,25.2,1,0,140.692,st_actOFF,st_actOFF,st_cookNO,109,316,18
30-10-2025 18:01:43,25.2,1,0,140.692,st_actOFF,st_actOFF,st_cookNO,109,316,13
30-10-2025 18:01:45,25.2,1,0,140.352,st_actOFF,st_actOFF,st_cookNO,113,212,17
30-10-2025 18:08:32,25.2,1,0,140.777,st_actOFF,st_actOFF,st_cookNO,0,30,580
30-10-2025 18:08:34,24.6,1,0,183.192,st_actOFF,st_actOFF,st_cookNO,299,20,26
30-10-2025 18:08:36,24.6,1,0,183.192,st_actOFF,st_actOFF,st_cookNO,299,20,74
30-10-2025 18:08:38,24.6,1,0,183.192,st_actOFF,st_actOFF,st_cookNO,232,23,82
30-10-2025 18:08:40,24.6,1,0,183.192,st_actOFF,st_actOFF,st_cookNO,232,23,55
30-10-2025 18:08:42,24.6,1,0,182.767,st_actOFF,st_actOFF,st_cookNO,222,20,75
30-10-2025 18:08:44,24.6,1,0,182.767,st_actOFF,st_actOFF,st_cookNO,222,20,74
30-10-2025 18:08:46,24.6,1,0,183.549,st_actOFF,st_actOFF,st_cookNO,226,18,81
30-10-2025 18:08:48,24.6,1,0,183.549,st_actOFF,st_actOFF,st_cookNO,226,18,72
30-10-2025 18:08:50,24.6,1,3.066691,183.532,st_actOFF,st_actOFF,st_cookNO,214,19,64
30-10-2025 18:08:52,24.6,1,3.066691,183.532,st_actOFF,st_actOFF,st_cookNO,214,19,32
30-10-2025 18:08:54,24.6,1,3.066691,162.452,st_actOFF,st_actOFF,st_cookNO,217,23,49
30-10-2025 18:08:56,24.6,1,3.066691,162.452,st_actOFF,st_actOFF,st_cookNO,217,23,69
30-10-2025 18:08:58,24.6,1,3.066691,183.09,st_actOFF,st_actOFF,st_cookNO,201,18,19
30-10-2025 18:09:00,24.6,1,3.066691,183.09,st_actOFF,st_actOFF,st_cookNO,201,18,66
30-10-2025 18:09:03,24.5,1,0,182.733,st_actOFF,st_actOFF,st_cookNO,683,23,23
30-10-2025 18:09:05,24.5,1,0,182.733,st_actOFF,st_actOFF,st_cookNO,683,23,36
30-10-2025 18:09:07,24.5,1,0,183.192,st_actOFF,st_actOFF,st_cookNO,221,109,48
30-10-2025 18:09:09,24.5,1,0,183.192,st_actOFF,st_actOFF,st_cookNO,221,109,54
30-10-2025 18:09:11,24.5,1,0,183.209,st_actOFF,st_actOFF,st_cookNO,194,23,35
30-10-2025 18:09:13,24.5,1,0,183.209,st_actOFF,st_actOFF,st_cookNO,194,23,60
30-10-2025 18:09:15,24.5,1,0,182.801,st_actOFF,st_actOFF,st_cookNO,187,18,52
30-10-2025 18:09:17,24.5,1,0,182.801,st_actOFF,st_actOFF,st_cookNO,187,18,27
30-10-2025 18:09:19,24.5,1,0,182.767,st_actOFF,st_actOFF,st_cookNO,183,19,56
30-10-2025 18:09:21,24.5,1,0,182.767,st_actOFF,st_actOFF,st_cookNO,183,19,20
30-10-2025 18:09:23,24.5,1,0,182.767,st_actOFF,st_actOFF,st_cookNO,161,26,65
30-10-2025 18:09:25,24.5,1,0,182.767,st_actOFF,st_actOFF,st_cookNO,161,26,59
30-10-2025 18:09:27,24.5,1,0,182.325,st_actOFF,st_actOFF,st_cookNO,169,409,57
30-10-2025 18:09:29,24.5,1,0,182.325,st_actOFF,st_actOFF,st_cookNO,169,409,62
30-10-2025 18:09:31,24.5,1,0,183.158,st_actOFF,st_actOFF,st_cookNO,198,515,46
30-10-2025 18:09:33,24.5,1,0,183.158,st_actOFF,st_actOFF,st_cookNO,198,515,91
30-10-2025 18:09:35,24.6,1,0,183.073,st_actOFF,st_actOFF,st_cookNO,224,18,53
30-10-2025 18:09:37,24.6,1,0,183.073,st_actOFF,st_actOFF,st_cookNO,224,18,37
30-10-2025 18:09:40,24.6,1,0,183.039,st_actOFF,st_actOFF,st_cookNO,196,22,55
30-10-2025 18:09:42,24.6,1,0,182.699,st_actOFF,st_actOFF,st_cookNO,190,19,49
30-10-2025 18:09:44,24.6,1,0,182.699,st_actOFF,st_actOFF,st_cookNO,190,19,52
30-10-2025 18:09:46,24.6,1,0,182.716,st_actOFF,st_actOFF,st_cookNO,185,19,56
30-10-2025 18:09:48,24.6,1,0,182.716,st_actOFF,st_actOFF,st_cookNO,185,19,34
30-10-2025 18:09:50,24.6,1,0,183.124,st_actOFF,st_actOFF,st_cookNO,194,18,62
30-10-2025 18:09:52,24.6,1,0,183.124,st_actOFF,st_actOFF,st_cookNO,194,18,39
30-10-2025 18:09:54,24.6,1,0,183.583,st_actOFF,st_actOFF,st_cookNO,141,21,42
30-10-2025 18:09:56,24.6,1,0,183.583,st_actOFF,st_actOFF,st_cookNO,141,21,52
30-10-2025 18:09:58,24.6,1,0,183.532,st_actOFF,st_actOFF,st_cookNO,184,22,72
30-10-2025 18:10:00,24.6,1,0,183.532,st_actOFF,st_actOFF,st_cookNO,184,22,36
30-10-2025 18:10:02,24.6,1,0,183.175,st_actOFF,st_actOFF,st_cookNO,128,20,20
30-10-2025 18:10:04,24.6,1,0,183.175,st_actOFF,st_actOFF,st_cookNO,128,20,49
30-10-2025 18:10:06,24.6,1,0,182.75,st_actOFF,st_actOFF,st_cookNO,169,18,61
30-10-2025 18:10:08,24.6,1,0,182.75,st_actOFF,st_actOFF,st_cookNO,169,18,60
30-10-2025 18:10:10,24.7,1,0,183.107,st_actOFF,st_actOFF,st_cookNO,179,408,72
30-10-2025 18:10:12,24.7,1,0,183.107,st_actOFF,st_actOFF,st_cookNO,179,408,47
30-10-2025 18:10:15,24.7,1,0,183.464,st_actOFF,st_actOFF,st_cookNO,185,21,24
30-10-2025 18:10:17,24.7,1,0,183.464,st_actOFF,st_actOFF,st_cookNO,185,21,47
30-10-2025 18:10:19,24.7,1,0,182.648,st_actOFF,st_actOFF,st_cookNO,171,18,46
30-10-2025 18:10:21,24.7,1,0,182.648,st_actOFF,st_actOFF,st_cookNO,171,18,42
30-10-2025 18:10:23,24.7,1,0,183.43,st_actOFF,st_actOFF,st_cookNO,153,114,56
30-10-2025 18:10:25,24.7,1,0,183.43,st_actOFF,st_actOFF,st_cookNO,153,114,34
30-10-2025 18:10:27,24.7,1,0,183.447,st_actOFF,st_actOFF,st_cookNO,179,25,43
30-10-2025 18:10:29,24.7,1,0,183.447,st_actOFF,st_actOFF,st_cookNO,179,25,36
30-10-2025 18:10:31,24.7,1,0,183.804,st_actOFF,st_actOFF,st_cookNO,208,19,21
30-10-2025 18:10:33,24.7,1,0,183.804,st_actOFF,st_actOFF,st_cookNO,208,19,36
30-10-2025 18:10:35,24.7,1,0,183.804,st_actOFF,st_actOFF,st_cookNO,155,20,47
30-10-2025 18:10:37,24.7,1,0,183.804,st_actOFF,st_actOFF,st_cookNO,155,20,23
30-10-2025 18:10:39,24.7,1,0,183.005,st_actOFF,st_actOFF,st_cookNO,193,21,70
30-10-2025 18:10:41,24.7,1,0,183.005,st_actOFF,st_actOFF,st_cookNO,193,21,70
30-10-2025 18:10:43,24.7,1,0,183.09,st_actOFF,st_actOFF,st_cookNO,136,18,39
30-10-2025 18:10:45,24.7,1,0,183.09,st_actOFF,st_actOFF,st_cookNO,136,18,25
30-10-2025 18:10:47,24.7,1,0,182.648,st_actOFF,st_actOFF,st_cookNO,158,510,41
30-10-2025 18:10:49,24.7,1,0,182.648,st_actOFF,st_actOFF,st_cookNO,158,510,31
30-10-2025 18:10:51,24.8,1,0,182.665,st_actOFF,st_actOFF,st_cookNO,152,29,43
30-10-2025 18:10:53,24.7,1,0,182.988,st_actOFF,st_actOFF,st_cookNO,152,29,41
30-10-2025 18:10:55,24.7,1,0,182.988,st_actOFF,st_actOFF,st_cookNO,152,510,38
30-10-2025 18:10:58,24.8,1,0,182.988,st_actOFF,st_actOFF,st_cookNO,168,510,48
30-10-2025 18:11:00,24.8,1,0,182.988,st_actOFF,st_actOFF,st_cookNO,168,29,45
30-10-2025 18:11:02,24.8,1,0,162.282,st_actOFF,st_actOFF,st_cookNO,156,21,40
30-10-2025 18:11:04,24.8,1,0,162.282,st_actOFF,st_actOFF,st_cookNO,156,21,50
30-10-2025 18:11:06,24.7,1,0,183.107,st_actOFF,st_actOFF,st_cookNO,152,21,14
30-10-2025 18:11:08,24.7,1,0,183.107,st_actOFF,st_actOFF,st_cookNO,152,21,21
30-10-2025 18:11:10,24.8,1,0,182.665,st_actOFF,st_actOFF,st_cookNO,186,21,40
30-10-2025 18:11:12,24.8,1,0,182.665,st_actOFF,st_actOFF,st_cookNO,186,21,39
30-10-2025 18:11:14,24.8,1,0,183.09,st_actOFF,st_actOFF,st_cookNO,165,24,47
30-10-2025 18:11:16,24.8,1,0,183.09,st_actOFF,st_actOFF,st_cookNO,165,24,42
30-10-2025 18:11:18,24.8,1,0,182.58,st_actOFF,st_actOFF,st_cookNO,134,20,37
30-10-2025 18:11:20,24.8,1,0,182.58,st_actOFF,st_actOFF,st_cookNO,134,20,39
30-10-2025 18:11:22,24.8,1,0,183.056,st_actOFF,st_actOFF,st_cookNO,178,21,34
30-10-2025 18:11:24,24.8,1,0,183.056,st_actOFF,st_actOFF,st_cookNO,178,21,28
30-10-2025 18:11:26,24.8,1,0,183.022,st_actOFF,st_actOFF,st_cookNO,170,18,33
30-10-2025 18:11:28,24.8,1,0,183.022,st_actOFF,st_actOFF,st_cookNO,170,18,39
30-10-2025 18:11:30,24.8,1,0,183.039,st_actOFF,st_actOFF,st_cookNO,173,105,52
30-10-2025 18:11:32,24.8,1,0,183.039,st_actOFF,st_actOFF,st_cookNO,173,105,20
30-10-2025 18:11:34,24.8,1,0,183.413,st_actOFF,st_actOFF,st_cookNO,159,15,38
30-10-2025 18:11:36,24.8,1,0,183.413,st_actOFF,st_actOFF,st_cookNO,159,15,33
30-10-2025 18:11:38,24.8,1,0,182.971,st_actOFF,st_actOFF,st_cookNO,161,413,36
30-10-2025 18:11:40,24.8,1,0,182.971,st_actOFF,st_actOFF,st_cookNO,161,413,36
30-10-2025 18:11:42,24.8,1,0,183.379,st_actOFF,st_actOFF,st_cookNO,170,20,38
30-10-2025 18:11:45,24.8,1,0,183.379,st_actOFF,st_actOFF,st_cookNO,170,20,27
30-10-2025 18:11:47,24.8,1,0,182.937,st_actOFF,st_actOFF,st_cookNO,174,218,36
30-10-2025 18:11:49,24.8,1,0,182.937,st_actOFF,st_actOFF,st_cookNO,174,218,44
30-10-2025 18:11:51,24.8,1,0,183.328,st_actOFF,st_actOFF,st_cookNO,166,22,29
30-10-2025 18:11:53,24.8,1,0,183.328,st_actOFF,st_actOFF,st_cookNO,166,22,51
30-10-2025 18:11:55,24.8,1,0,182.954,st_actOFF,st_actOFF,st_cookNO,159,410,27
30-10-2025 18:11:57,24.8,1,0,182.954,st_actOFF,st_actOFF,st_cookNO,159,410,33
30-10-2025 18:11:59,24.8,1,0,182.529,st_actOFF,st_actOFF,st_cookNO,199,19,50
30-10-2025 18:12:01,24.8,1,0,182.529,st_actOFF,st_actOFF,st_cookNO,199,19,32
30-10-2025 18:12:03,24.8,1,0,183.362,st_actOFF,st_actOFF,st_cookNO,175,25,37
30-10-2025 18:12:05,24.8,1,0,183.362,st_actOFF,st_actOFF,st_cookNO,175,25,36
30-10-2025 18:12:07,24.8,1,0,182.937,st_actOFF,st_actOFF,st_cookNO,156,20,22
30-10-2025 18:12:09,24.8,1,0,182.937,st_actOFF,st_actOFF,st_cookNO,156,20,47
30-10-2025 18:12:11,24.8,1,0,182.937,st_actOFF,st_actOFF,st_cookNO,154,212,38
30-10-2025 18:12:13,24.8,1,0,182.937,st_actOFF,st_actOFF,st_cookNO,154,212,36
30-10-2025 18:12:15,24.8,1,0,182.937,st_actOFF,st_actOFF,st_cookNO,153,18,35
30-10-2025 18:12:17,24.8,1,0,182.937,st_actOFF,st_actOFF,st_cookNO,153,18,45
30-10-2025 18:12:19,24.8,1,0,182.954,st_actOFF,st_actOFF,st_cookNO,157,216,17
30-10-2025 18:12:21,24.8,1,0,182.954,st_actOFF,st_actOFF,st_cookNO,157,216,175
30-10-2025 18:12:23,24.8,1,0,182.92,st_actOFF,st_actOFF,st_cookNO,202,23,22
30-10-2025 18:12:25,24.8,1,0,182.988,st_actOFF,st_actOFF,st_cookNO,148,20,13
30-10-2025 18:12:28,24.8,1,0,182.988,st_actOFF,st_actOFF,st_cookNO,148,20,33
30-10-2025 18:12:30,24.8,1,0,182.444,st_actOFF,st_actOFF,st_cookNO,149,20,32
30-10-2025 18:12:32,24.8,1,0,182.444,st_actOFF,st_actOFF,st_cookNO,149,511,28
30-10-2025 18:12:34,24.8,1,0,182.903,st_actOFF,st_actOFF,st_cookNO,156,20,40
30-10-2025 18:12:36,24.8,1,0,182.903,st_actOFF,st_actOFF,st_cookNO,156,20,34
30-10-2025 18:12:38,24.9,1,0,182.512,st_actOFF,st_actOFF,st_cookNO,190,20,16
30-10-2025 18:12:40,24.9,1,0,182.512,st_actOFF,st_actOFF,st_cookNO,190,412,19
30-10-2025 18:12:42,24.9,1,0,182.495,st_actOFF,st_actOFF,st_cookNO,173,412,58
30-10-2025 18:12:44,24.9,1,0,182.495,st_actOFF,st_actOFF,st_cookNO,173,18,31
30-10-2025 18:12:46,24.9,1,0,182.937,st_actOFF,st_actOFF,st_cookNO,158,20,16
30-10-2025 18:12:48,24.9,1,0,182.937,st_actOFF,st_actOFF,st_cookNO,158,20,19
30-10-2025 18:12:50,24.9,1,0,182.597,st_actOFF,st_actOFF,st_cookNO,175,214,52
30-10-2025 18:12:52,24.9,1,0,182.597,st_actOFF,st_actOFF,st_cookNO,175,214,41
30-10-2025 18:12:54,24.9,1,0,182.58,st_actOFF,st_actOFF,st_cookNO,137,19,36
30-10-2025 18:12:56,24.9,1,0,182.58,st_actOFF,st_actOFF,st_cookNO,137,19,33
30-10-2025 18:12:58,24.9,0,0,182.92,st_actON,st_actON,st_cookNO,155,17,25
30-10-2025 18:13:00,24.9,0,0,182.92,st_actON,st_actON,st_cookNO,155,17,19
30-10-2025 18:13:02,25,0,0,190.349,st_actON,st_actON,st_cookNO,181,23,37
30-10-2025 18:13:04,25,0,0,190.349,st_actON,st_actON,st_cookNO,181,23,37
30-10-2025 18:13:06,25,0,0,182.988,st_actON,st_actON,st_cookNO,159,19,36
30-10-2025 18:13:08,25,0,0,182.988,st_actON,st_actON,st_cookNO,159,19,31
30-10-2025 18:13:10,25,0,0,999,st_actON,st_actON,st_cookNO,153,19,35
30-10-2025 18:13:12,25,0,0,999,st_actON,st_actON,st_cookNO,153,511,15
30-10-2025 18:13:14,25,0,0,4.029,st_actOFF,st_actOFF,st_cookNO,169,20,32
30-10-2025 18:13:16,25,0,0,4.029,st_actOFF,st_actOFF,st_cookNO,169,20,22
30-10-2025 18:13:18,25,0,0,4.063,st_actOFF,st_actOFF,st_cookNO,172,20,33
30-10-2025 18:13:21,25,0,0,4.063,st_actOFF,st_actOFF,st_cookNO,172,20,19
30-10-2025 18:13:23,25,0,0,4.352,st_actOFF,st_actOFF,st_cookNO,151,17,35
30-10-2025 18:13:25,25,0,0,4.352,st_actOFF,st_actOFF,st_cookNO,151,17,35
30-10-2025 18:13:27,25,0,0,4.029,st_actOFF,st_actOFF,st_cookNO,160,20,41
30-10-2025 18:13:29,25,0,0,4.029,st_actOFF,st_actOFF,st_cookNO,160,20,37
30-10-2025 18:13:31,25,0,0,4.063,st_actOFF,st_actOFF,st_cookNO,187,22,39
30-10-2025 18:13:33,25,0,0,4.063,st_actOFF,st_actOFF,st_cookNO,187,22,34
30-10-2025 18:13:35,25,0,0,142.783,st_actON,st_actON,st_cookNO,138,20,36
30-10-2025 18:13:37,25,0,0,142.783,st_actON,st_actON,st_cookNO,138,20,34
30-10-2025 18:13:39,25,0,0,143.242,st_actON,st_actON,st_cookNO,167,19,35
30-10-2025 18:13:41,25,0,0,143.242,st_actON,st_actON,st_cookNO,167,19,21
30-10-2025 18:13:43,25,0,0,142.358,st_actON,st_actON,st_cookNO,166,409,42
30-10-2025 18:13:45,25,0,0,142.358,st_actON,st_actON,st_cookNO,166,409,37
30-10-2025 18:13:47,25,0,0,142.783,st_actON,st_actON,st_cookNO,126,19,34
30-10-2025 18:13:49,25,0,0,142.783,st_actON,st_actON,st_cookNO,126,19,60
30-10-2025 18:13:51,25,0,0,143.225,st_actON,st_actON,st_cookNO,144,30,35
30-10-2025 18:13:53,25,0,0,143.225,st_actON,st_actON,st_cookNO,144,30,30
30-10-2025 18:13:55,25,1,0,143.208,st_actOFF,st_actOFF,st_cookNO,116,18,30
30-10-2025 18:13:58,25,1,0,143.208,st_actOFF,st_actOFF,st_cookNO,116,18,415
30-10-2025 18:14:00,25,1,0,184.042,st_actOFF,st_actOFF,st_cookNO,596,16,46
30-10-2025 18:14:02,25,1,0,142.256,st_actOFF,st_actOFF,st_cookNO,152,34,35
30-10-2025 18:14:04,25,1,0,142.256,st_actOFF,st_actOFF,st_cookNO,152,34,35
30-10-2025 18:14:06,25,1,0,142.698,st_actOFF,st_actOFF,st_cookNO,141,19,36
30-10-2025 18:14:08,25,1,0,142.698,st_actOFF,st_actOFF,st_cookNO,141,19,46
30-10-2025 18:14:10,25,1,0,142.256,st_actOFF,st_actOFF,st_cookNO,163,22,43
30-10-2025 18:14:12,25,1,0,142.256,st_actOFF,st_actOFF,st_cookNO,163,22,40
30-10-2025 18:14:14,25,1,0,143.055,st_actOFF,st_actOFF,st_cookNO,153,22,53
30-10-2025 18:14:16,25,1,0,143.055,st_actOFF,st_actOFF,st_cookNO,153,421,27
30-10-2025 18:14:18,25,1,0,142.239,st_actOFF,st_actOFF,st_cookNO,167,421,31
30-10-2025 18:14:20,25,1,0,142.239,st_actOFF,st_actOFF,st_cookNO,167,406,27
30-10-2025 18:14:22,25.1,1,0,184.059,st_actOFF,st_actOFF,st_cookNO,158,36,28
30-10-2025 18:14:24,25.1,1,0,184.059,st_actOFF,st_actOFF,st_cookNO,158,36,35
30-10-2025 19:30:39,25.1,1,0,142.239,st_actOFF,st_actOFF,st_cookNO,0,0,2227
30-10-2025 19:30:41,25.1,1,0,142.239,st_actOFF,st_actOFF,st_cookNO,0,0,20
30-10-2025 19:30:43,25.1,1,0,142.239,st_actOFF,st_actOFF,st_cookNO,0,0,10
30-10-2025 19:30:45,25.1,1,0,142.239,st_actOFF,st_actOFF,st_cookNO,0,0,12
30-10-2025 19:30:47,25.1,1,0,142.239,st_actOFF,st_actOFF,st_cookNO,0,0,25
30-10-2025 19:30:49,25.1,1,0,142.239,st_actOFF,st_actOFF,st_cookNO,0,0,18
30-10-2025 19:30:51,25.1,1,0,142.239,st_actOFF,st_actOFF,st_cookNO,0,0,16
30-10-2025 19:30:53,25.1,1,0,142.239,st_actOFF,st_actOFF,st_cookNO,0,0,17
30-10-2025 19:30:55,25.1,1,0,142.239,st_actOFF,st_actOFF,st_cookNO,0,0,13
30-10-2025 19:30:58,25.1,1,0,142.239,st_actOFF,st_actOFF,st_cookNO,0,0,12
30-10-2025 19:31:00,25.1,1,0,142.239,st_actOFF,st_actOFF,st_cookNO,0,0,11
30-10-2025 19:31:02,25.1,1,0,142.239,st_actOFF,st_actOFF,st_cookNO,0,0,10
30-10-2025 19:31:04,25.1,1,0,142.239,st_actOFF,st_actOFF,st_cookNO,0,0,10
30-10-2025 19:31:06,25.1,1,0,142.239,st_actOFF,st_actOFF,st_cookNO,0,0,17
30-10-2025 19:31:08,25.1,1,0,142.239,st_actOFF,st_actOFF,st_cookNO,0,0,11
30-10-2025 19:31:10,25.1,1,0,142.239,st_actOFF,st_actOFF,st_cookNO,0,0,26
30-10-2025 19:31:12,25.1,1,0,142.239,st_actOFF,st_actOFF,st_cookNO,0,0,16
30-10-2025 19:31:14,25.1,1,0,142.239,st_actOFF,st_actOFF,st_cookNO,0,0,11
30-10-2025 19:31:16,25.1,1,0,142.239,st_actOFF,st_actOFF,st_cookNO,0,0,10
30-10-2025 19:31:18,25.1,1,0,142.239,st_actOFF,st_actOFF,st_cookNO,0,0,9
30-10-2025 19:31:20,25.1,1,0,142.239,st_actOFF,st_actOFF,st_cookNO,0,0,9
30-10-2025 19:31:22,25.1,1,0,142.239,st_actOFF,st_actOFF,st_cookNO,0,0,12
30-10-2025 19:31:24,25.1,1,0,142.239,st_actOFF,st_actOFF,st_cookNO,0,0,15
30-10-2025 19:31:26,25.1,1,0,142.239,st_actOFF,st_actOFF,st_cookNO,0,0,14
30-10-2025 19:31:28,25.1,1,0,142.239,st_actOFF,st_actOFF,st_cookNO,0,0,18
30-10-2025 19:31:30,25.1,1,0,142.239,st_actOFF,st_actOFF,st_cookNO,0,0,28
30-10-2025 19:31:32,25.1,1,0,142.239,st_actOFF,st_actOFF,st_cookNO,0,0,16
30-10-2025 19:31:34,25.1,1,0,142.239,st_actOFF,st_actOFF,st_cookNO,0,0,13
30-10-2025 19:31:36,25.1,1,0,142.239,st_actOFF,st_actOFF,st_cookNO,0,0,10
30-10-2025 19:31:38,25.1,1,0,142.239,st_actOFF,st_actOFF,st_cookNO,0,0,6
30-10-2025 19:31:40,25.1,1,0,142.239,st_actOFF,st_actOFF,st_cookNO,0,0,9
30-10-2025 19:31:42,25.1,1,0,142.239,st_actOFF,st_actOFF,st_cookNO,0,0,12
30-10-2025 19:31:44,25.1,1,0,142.239,st_actOFF,st_actOFF,st_cookNO,0,0,8
30-10-2025 19:31:46,25.1,1,0,142.239,st_actOFF,st_actOFF,st_cookNO,0,0,11
30-10-2025 19:31:48,25.1,1,0,142.239,st_actOFF,st_actOFF,st_cookNO,0,0,8
30-10-2025 19:31:50,25.1,1,0,142.239,st_actOFF,st_actOFF,st_cookNO,0,0,14
30-10-2025 19:31:52,25.1,1,0,142.239,st_actOFF,st_actOFF,st_cookNO,0,0,11
30-10-2025 19:31:54,25.1,1,0,142.239,st_actOFF,st_actOFF,st_cookNO,0,0,9
30-10-2025 19:31:56,25.1,1,0,142.239,st_actOFF,st_actOFF,st_cookNO,0,0,8
30-10-2025 19:31:58,25.1,1,0,142.239,st_actOFF,st_actOFF,st_cookNO,0,0,8
30-10-2025 19:32:00,25.1,1,0,142.239,st_actOFF,st_actOFF,st_cookNO,0,0,10
30-10-2025 19:32:02,25.1,1,0,142.239,st_actOFF,st_actOFF,st_cookNO,0,0,11
30-10-2025 19:32:04,25.1,1,0,142.239,st_actOFF,st_actOFF,st_cookNO,0,0,11
30-10-2025 19:32:06,25.1,1,0,142.239,st_actOFF,st_actOFF,st_cookNO,0,0,7
30-10-2025 19:32:08,25.1,1,0,142.239,st_actOFF,st_actOFF,st_cookNO,0,0,9
30-10-2025 19:32:10,25.1,1,0,142.239,st_actOFF,st_actOFF,st_cookNO,0,0,11
30-10-2025 19:32:12,25.1,1,0,142.239,st_actOFF,st_actOFF,st_cookNO,0,0,9
30-10-2025 19:32:14,25.1,1,0,142.239,st_actOFF,st_actOFF,st_cookNO,0,0,9
30-10-2025 19:32:16,25.1,1,0,142.239,st_actOFF,st_actOFF,st_cookNO,0,0,18
30-10-2025 19:32:18,25.1,1,0,142.239,st_actOFF,st_actOFF,st_cookNO,0,0,14
30-10-2025 19:32:20,25.1,1,0,142.239,st_actOFF,st_actOFF,st_cookNO,0,0,7
30-10-2025 19:32:22,25.1,1,0,142.239,st_actOFF,st_actOFF,st_cookNO,0,0,12
30-10-2025 19:32:24,25.1,1,0,142.239,st_actOFF,st_actOFF,st_cookNO,0,0,8
30-10-2025 19:32:26,25.1,1,0,142.239,st_actOFF,st_actOFF,st_cookNO,0,0,10
30-10-2025 19:32:28,25.1,1,0,142.239,st_actOFF,st_actOFF,st_cookNO,0,0,13
30-10-2025 19:32:30,25.1,1,0,142.239,st_actOFF,st_actOFF,st_cookNO,0,0,13
30-10-2025 19:32:32,25.1,1,0,142.239,st_actOFF,st_actOFF,st_cookNO,0,0,10
30-10-2025 19:32:34,25.1,1,0,142.239,st_actOFF,st_actOFF,st_cookNO,0,0,11
30-10-2025 19:32:36,25.1,1,0,142.239,st_actOFF,st_actOFF,st_cookNO,0,0,9
30-10-2025 19:32:38,25.1,1,0,142.239,st_actOFF,st_actOFF,st_cookNO,0,0,7
30-10-2025 19:32:40,25.1,1,0,142.239,st_actOFF,st_actOFF,st_cookNO,0,0,9
30-10-2025 19:32:42,25.1,1,0,142.239,st_actOFF,st_actOFF,st_cookNO,0,0,11
30-10-2025 19:32:44,25.1,1,0,142.239,st_actOFF,st_actOFF,st_cookNO,0,0,8
30-10-2025 19:32:46,25.1,1,0,142.239,st_actOFF,st_actOFF,st_cookNO,0,0,9
30-10-2025 19:32:48,25.1,1,0,142.239,st_actOFF,st_actOFF,st_cookNO,0,0,8
30-10-2025 19:32:50,25.1,1,0,142.239,st_actOFF,st_actOFF,st_cookNO,0,0,8
30-10-2025 19:32:53,25.1,1,0,142.239,st_actOFF,st_actOFF,st_cookNO,0,0,11
30-10-2025 19:32:55,25.1,1,0,142.239,st_actOFF,st_actOFF,st_cookNO,0,0,7
30-10-2025 19:32:57,25.1,1,0,142.239,st_actOFF,st_actOFF,st_cookNO,0,0,10
30-10-2025 19:32:59,25.1,1,0,142.239,st_actOFF,st_actOFF,st_cookNO,0,0,11
30-10-2025 19:33:01,25.1,1,0,142.239,st_actOFF,st_actOFF,st_cookNO,0,0,7
30-10-2025 19:33:03,25.1,1,0,142.239,st_actOFF,st_actOFF,st_cookNO,0,0,7
30-10-2025 19:33:05,25.1,1,0,142.239,st_actOFF,st_actOFF,st_cookNO,0,0,10
30-10-2025 19:33:07,25.1,1,0,142.239,st_actOFF,st_actOFF,st_cookNO,0,0,8
30-10-2025 19:33:09,25.1,1,0,142.239,st_actOFF,st_actOFF,st_cookNO,0,0,11
30-10-2025 19:33:11,25.1,1,0,142.239,st_actOFF,st_actOFF,st_cookNO,0,0,15
30-10-2025 19:33:13,25.1,1,0,142.239,st_actOFF,st_actOFF,st_cookNO,0,0,8
30-10-2025 19:33:15,25.1,1,0,142.239,st_actOFF,st_actOFF,st_cookNO,0,0,11
30-10-2025 19:33:17,25.1,1,0,142.239,st_actOFF,st_actOFF,st_cookNO,0,0,6
30-10-2025 19:33:19,25.1,1,0,142.239,st_actOFF,st_actOFF,st_cookNO,0,0,8
30-10-2025 19:33:21,25.1,1,0,142.239,st_actOFF,st_actOFF,st_cookNO,0,0,11
30-10-2025 19:33:23,25.1,1,0,142.239,st_actOFF,st_actOFF,st_cookNO,0,0,6
30-10-2025 19:33:25,25.1,1,0,142.239,st_actOFF,st_actOFF,st_cookNO,0,0,7
30-10-2025 19:33:27,25.1,1,0,142.239,st_actOFF,st_actOFF,st_cookNO,0,0,8
30-10-2025 19:33:29,25.1,1,0,142.239,st_actOFF,st_actOFF,st_cookNO,0,0,8
30-10-2025 19:33:31,25.1,1,0,142.239,st_actOFF,st_actOFF,st_cookNO,0,0,9
30-10-2025 19:33:33,25.1,1,0,142.239,st_actOFF,st_actOFF,st_cookNO,0,0,8
30-10-2025 19:33:35,25.1,1,0,142.239,st_actOFF,st_actOFF,st_cookNO,0,0,8
30-10-2025 19:33:37,25.1,1,0,142.239,st_actOFF,st_actOFF,st_cookNO,0,0,12
30-10-2025 19:33:39,25.1,1,0,142.239,st_actOFF,st_actOFF,st_cookNO,0,0,9
30-10-2025 19:33:41,25.1,1,0,142.239,st_actOFF,st_actOFF,st_cookNO,0,0,9
30-10-2025 19:33:43,25.1,1,0,142.239,st_actOFF,st_actOFF,st_cookNO,0,0,11
30-10-2025 19:33:45,25.1,1,0,142.239,st_actOFF,st_actOFF,st_cookNO,0,0,11
30-10-2025 19:33:47,25.1,1,0,142.239,st_actOFF,st_actOFF,st_cookNO,0,0,12
30-10-2025 19:33:49,25.1,1,0,142.239,st_actOFF,st_actOFF,st_cookNO,0,0,10
30-10-2025 19:33:51,25.1,1,0,142.239,st_actOFF,st_actOFF,st_cookNO,0,0,16
30-10-2025 19:33:53,25.1,1,0,142.239,st_actOFF,st_actOFF,st_cookNO,0,0,6
30-10-2025 19:33:55,25.1,1,0,142.239,st_actOFF,st_actOFF,st_cookNO,0,0,7
30-10-2025 19:33:57,25.1,1,0,142.239,st_actOFF,st_actOFF,st_cookNO,0,0,11
30-10-2025 19:33:59,25.1,1,0,142.239,st_actOFF,st_actOFF,st_cookNO,0,0,15
30-10-2025 19:34:01,25.1,1,0,142.239,st_actOFF,st_actOFF,st_cookNO,0,0,15
30-10-2025 19:34:03,25.1,1,0,142.239,st_actOFF,st_actOFF,st_cookNO,0,0,9
30-10-2025 19:34:05,25.1,1,0,142.239,st_actOFF,st_actOFF,st_cookNO,0,0,20
30-10-2025 19:34:07,25.1,1,0,142.239,st_actOFF,st_actOFF,st_cookNO,0,0,6
30-10-2025 19:34:09,25.1,1,0,142.239,st_actOFF,st_actOFF,st_cookNO,0,0,10
30-10-2025 19:34:11,25.1,1,0,142.239,st_actOFF,st_actOFF,st_cookNO,0,0,14
30-10-2025 19:34:13,25.1,1,0,142.239,st_actOFF,st_actOFF,st_cookNO,0,0,6
30-10-2025 19:34:15,25.1,1,0,142.239,st_actOFF,st_actOFF,st_cookNO,0,0,13
30-10-2025 19:34:17,25.1,1,0,142.239,st_actOFF,st_actOFF,st_cookNO,0,0,7
30-10-2025 19:34:19,25.1,1,0,142.239,st_actOFF,st_actOFF,st_cookNO,0,0,7
30-10-2025 19:34:21,25.1,1,0,142.239,st_actOFF,st_actOFF,st_cookNO,0,0,13
30-10-2025 19:34:23,25.1,1,0,142.239,st_actOFF,st_actOFF,st_cookNO,0,0,4
30-10-2025 19:34:25,25.1,1,0,142.239,st_actOFF,st_actOFF,st_cookNO,0,0,8
30-10-2025 19:34:27,25.1,1,0,142.239,st_actOFF,st_actOFF,st_cookNO,0,0,13
30-10-2025 19:34:29,25.1,1,0,142.239,st_actOFF,st_actOFF,st_cookNO,0,0,48
30-10-2025 19:34:31,25.1,1,0,142.239,st_actOFF,st_actOFF,st_cookNO,0,0,8
30-10-2025 19:34:33,25.1,1,0,142.239,st_actOFF,st_actOFF,st_cookNO,0,0,13
30-10-2025 19:34:35,25.1,1,0,142.239,st_actOFF,st_actOFF,st_cookNO,0,0,6
30-10-2025 19:34:37,25.1,1,0,142.239,st_actOFF,st_actOFF,st_cookNO,0,0,8
30-10-2025 19:34:39,25.1,1,0,142.239,st_actOFF,st_actOFF,st_cookNO,0,0,14
30-10-2025 19:34:42,25.1,1,0,142.239,st_actOFF,st_actOFF,st_cookNO,0,0,8
30-10-2025 19:34:44,25.1,1,0,142.239,st_actOFF,st_actOFF,st_cookNO,0,0,12
30-10-2025 19:34:46,25.1,1,0,142.239,st_actOFF,st_actOFF,st_cookNO,0,0,7
30-10-2025 19:34:48,25.1,1,0,142.239,st_actOFF,st_actOFF,st_cookNO,0,0,15
30-10-2025 19:34:50,25.1,1,0,142.239,st_actOFF,st_actOFF,st_cookNO,0,0,7
30-10-2025 19:34:52,25.1,1,0,142.239,st_actOFF,st_actOFF,st_cookNO,0,0,9
30-10-2025 19:34:54,25.1,1,0,142.239,st_actOFF,st_actOFF,st_cookNO,0,0,6
30-10-2025 19:34:56,25.1,1,0,142.239,st_actOFF,st_actOFF,st_cookNO,0,0,18
30-10-2025 19:34:58,25.1,1,0,142.239,st_actOFF,st_actOFF,st_cookNO,0,0,9
30-10-2025 19:35:00,25.1,1,0,142.239,st_actOFF,st_actOFF,st_cookNO,0,0,7
30-10-2025 19:35:02,25.1,1,0,142.239,st_actOFF,st_actOFF,st_cookNO,0,0,8
30-10-2025 19:35:04,25.1,1,0,142.239,st_actOFF,st_actOFF,st_cookNO,0,0,7
30-10-2025 19:35:06,25.1,1,0,142.239,st_actOFF,st_actOFF,st_cookNO,0,0,15
30-10-2025 19:35:08,25.1,1,0,142.239,st_actOFF,st_actOFF,st_cookNO,0,0,17
30-10-2025 19:35:10,25.1,1,0,142.239,st_actOFF,st_actOFF,st_cookNO,0,0,7
30-10-2025 19:35:12,25.1,1,0,142.239,st_actOFF,st_actOFF,st_cookNO,0,0,13
30-10-2025 19:35:14,25.1,1,0,142.239,st_actOFF,st_actOFF,st_cookNO,0,0,4
30-10-2025 19:35:16,25.1,1,0,142.239,st_actOFF,st_actOFF,st_cookNO,0,0,8
30-10-2025 19:35:18,25.1,1,0,142.239,st_actOFF,st_actOFF,st_cookNO,0,0,13
30-10-2025 19:35:20,25.1,1,0,142.239,st_actOFF,st_actOFF,st_cookNO,0,0,5
30-10-2025 19:35:22,25.1,1,0,142.239,st_actOFF,st_actOFF,st_cookNO,0,0,10
30-10-2025 19:35:24,25.1,1,0,142.239,st_actOFF,st_actOFF,st_cookNO,0,0,7
30-10-2025 19:35:26,25.1,1,0,142.239,st_actOFF,st_actOFF,st_cookNO,0,0,13
30-10-2025 19:35:28,25.1,1,0,142.239,st_actOFF,st_actOFF,st_cookNO,0,0,6
30-10-2025 19:35:30,25.1,1,0,142.239,st_actOFF,st_actOFF,st_cookNO,0,0,21
30-10-2025 19:35:32,25.1,1,0,142.239,st_actOFF,st_actOFF,st_cookNO,0,0,9
30-10-2025 19:35:34,25.1,1,0,142.239,st_actOFF,st_actOFF,st_cookNO,0,0,14
30-10-2025 19:35:36,25.1,1,0,142.239,st_actOFF,st_actOFF,st_cookNO,0,0,7
30-10-2025 19:35:38,25.1,1,0,142.239,st_actOFF,st_actOFF,st_cookNO,0,0,6
30-10-2025 19:35:40,25.1,1,0,142.239,st_actOFF,st_actOFF,st_cookNO,0,0,5
30-10-2025 19:35:42,25.1,1,0,142.239,st_actOFF,st_actOFF,st_cookNO,0,0,15
30-10-2025 19:35:44,25.1,1,0,142.239,st_actOFF,st_actOFF,st_cookNO,0,0,7
30-10-2025 19:35:46,25.1,1,0,142.239,st_actOFF,st_actOFF,st_cookNO,0,0,6
30-10-2025 19:35:48,25.1,1,0,142.239,st_actOFF,st_actOFF,st_cookNO,0,0,9
30-10-2025 19:35:50,25.1,1,0,142.239,st_actOFF,st_actOFF,st_cookNO,0,0,13
30-10-2025 19:35:52,25.1,1,0,142.239,st_actOFF,st_actOFF,st_cookNO,0,0,9
30-10-2025 19:35:54,25.1,1,0,142.239,st_actOFF,st_actOFF,st_cookNO,0,0,17
30-10-2025 19:35:56,25.1,1,0,142.239,st_actOFF,st_actOFF,st_cookNO,0,0,10
30-10-2025 19:35:58,25.1,1,0,142.239,st_actOFF,st_actOFF,st_cookNO,0,0,12
30-10-2025 19:36:00,25.1,1,0,142.239,st_actOFF,st_actOFF,st_cookNO,0,0,12
30-10-2025 19:36:02,25.1,1,0,142.239,st_actOFF,st_actOFF,st_cookNO,0,0,13
30-10-2025 19:36:04,25.1,1,0,142.239,st_actOFF,st_actOFF,st_cookNO,0,0,6
30-10-2025 19:36:06,25.1,1,0,142.239,st_actOFF,st_actOFF,st_cookNO,0,0,7
30-10-2025 19:36:08,25.1,1,0,142.239,st_actOFF,st_actOFF,st_cookNO,0,0,7
30-10-2025 19:36:10,25.1,1,0,142.239,st_actOFF,st_actOFF,st_cookNO,0,0,8
30-10-2025 19:36:12,25.1,1,0,142.239,st_actOFF,st_actOFF,st_cookNO,0,0,7
30-10-2025 19:36:14,25.1,1,0,142.239,st_actOFF,st_actOFF,st_cookNO,0,0,8
30-10-2025 19:36:16,25.1,1,0,142.239,st_actOFF,st_actOFF,st_cookNO,0,0,6
30-10-2025 19:36:18,25.1,1,0,142.239,st_actOFF,st_actOFF,st_cookNO,0,0,7
30-10-2025 19:36:20,25.1,1,0,142.239,st_actOFF,st_actOFF,st_cookNO,0,0,6
30-10-2025 19:36:22,25.1,1,0,142.239,st_actOFF,st_actOFF,st_cookNO,0,0,11
30-10-2025 19:36:24,25.1,1,0,142.239,st_actOFF,st_actOFF,st_cookNO,0,0,7
30-10-2025 19:36:26,25.1,1,0,142.239,st_actOFF,st_actOFF,st_cookNO,0,0,9
30-10-2025 19:36:28,25.1,1,0,142.239,st_actOFF,st_actOFF,st_cookNO,0,0,9
30-10-2025 19:36:30,25.1,1,0,142.239,st_actOFF,st_actOFF,st_cookNO,0,0,9
30-10-2025 19:36:32,25.1,1,0,142.239,st_actOFF,st_actOFF,st_cookNO,0,0,6
30-10-2025 19:36:34,25.1,1,0,142.239,st_actOFF,st_actOFF,st_cookNO,0,0,13
30-10-2025 19:36:36,25.1,1,0,142.239,st_actOFF,st_actOFF,st_cookNO,0,0,6
30-10-2025 19:36:38,25.1,1,0,142.239,st_actOFF,st_actOFF,st_cookNO,0,0,7
30-10-2025 19:36:41,25.1,1,0,142.239,st_actOFF,st_actOFF,st_cookNO,0,0,7
30-10-2025 19:36:43,25.1,1,0,142.239,st_actOFF,st_actOFF,st_cookNO,0,0,8
30-10-2025 19:36:45,25.1,1,0,142.239,st_actOFF,st_actOFF,st_cookNO,0,0,7
30-10-2025 19:36:47,25.1,1,0,142.239,st_actOFF,st_actOFF,st_cookNO,0,0,7
30-10-2025 19:36:49,25.1,1,0,142.239,st_actOFF,st_actOFF,st_cookNO,0,0,9
30-10-2025 19:36:51,25.1,1,0,142.239,st_actOFF,st_actOFF,st_cookNO,0,0,11
30-10-2025 19:36:53,25.1,1,0,142.239,st_actOFF,st_actOFF,st_cookNO,0,0,8
30-10-2025 19:36:55,25.1,1,0,142.239,st_actOFF,st_actOFF,st_cookNO,0,0,9
30-10-2025 19:36:57,25.1,1,0,142.239,st_actOFF,st_actOFF,st_cookNO,0,0,7
30-10-2025 19:36:59,25.1,1,0,142.239,st_actOFF,st_actOFF,st_cookNO,0,0,8
30-10-2025 19:37:01,25.1,1,0,142.239,st_actOFF,st_actOFF,st_cookNO,0,0,9
30-10-2025 19:37:03,25.1,1,0,142.239,st_actOFF,st_actOFF,st_cookNO,0,0,9
30-10-2025 19:37:05,25.1,1,0,142.239,st_actOFF,st_actOFF,st_cookNO,0,0,10
30-10-2025 19:37:07,25.1,1,0,142.239,st_actOFF,st_actOFF,st_cookNO,0,0,9
30-10-2025 19:37:09,25.1,1,0,142.239,st_actOFF,st_actOFF,st_cookNO,0,0,6
30-10-2025 19:37:11,25.1,1,0,142.239,st_actOFF,st_actOFF,st_cookNO,0,0,9
30-10-2025 19:37:13,25.1,1,0,142.239,st_actOFF,st_actOFF,st_cookNO,0,0,5
30-10-2025 19:37:15,25.1,1,0,142.239,st_actOFF,st_actOFF,st_cookNO,0,0,13
30-10-2025 19:37:17,25.1,1,0,142.239,st_actOFF,st_actOFF,st_cookNO,0,0,7
30-10-2025 19:37:19,25.1,1,0,142.239,st_actOFF,st_actOFF,st_cookNO,0,0,5
30-10-2025 19:37:21,25.1,1,0,142.239,st_actOFF,st_actOFF,st_cookNO,0,0,4
30-10-2025 19:37:23,25.1,1,0,142.239,st_actOFF,st_actOFF,st_cookNO,0,0,5
30-10-2025 19:37:25,25.1,1,0,142.239,st_actOFF,st_actOFF,st_cookNO,0,0,8
30-10-2025 19:37:27,25.1,1,0,142.239,st_actOFF,st_actOFF,st_cookNO,0,0,10
30-10-2025 19:37:29,25.1,1,0,142.239,st_actOFF,st_actOFF,st_cookNO,0,0,5
30-10-2025 19:37:31,25.1,1,0,142.239,st_actOFF,st_actOFF,st_cookNO,0,0,9
30-10-2025 19:37:33,25.1,1,0,142.239,st_actOFF,st_actOFF,st_cookNO,0,0,8
30-10-2025 19:37:35,25.1,1,0,142.239,st_actOFF,st_actOFF,st_cookNO,0,0,10
30-10-2025 19:37:37,25.1,1,0,142.239,st_actOFF,st_actOFF,st_cookNO,0,0,10
30-10-2025 19:37:39,25.1,1,0,142.239,st_actOFF,st_actOFF,st_cookNO,0,0,7
30-10-2025 19:37:41,25.1,1,0,142.239,st_actOFF,st_actOFF,st_cookNO,0,0,10
30-10-2025 19:37:43,25.1,1,0,142.239,st_actOFF,st_actOFF,st_cookNO,0,0,5
30-10-2025 19:37:45,25.1,1,0,142.239,st_actOFF,st_actOFF,st_cookNO,0,0,6
30-10-2025 19:37:47,25.1,1,0,142.239,st_actOFF,st_actOFF,st_cookNO,0,0,8
30-10-2025 19:37:49,25.1,1,0,142.239,st_actOFF,st_actOFF,st_cookNO,0,0,8
30-10-2025 19:37:51,25.1,1,0,142.239,st_actOFF,st_actOFF,st_cookNO,0,0,10
30-10-2025 19:37:53,25.1,1,0,142.239,st_actOFF,st_actOFF,st_cookNO,0,0,8
30-10-2025 22:02:23,25.1,1,0,142.239,st_actOFF,st_actOFF,st_cookNO,0,0,1744
30-10-2025 22:02:25,25.1,1,0,142.239,st_actOFF,st_actOFF,st_cookNO,0,0,12
30-10-2025 22:02:27,25.1,1,0,142.239,st_actOFF,st_actOFF,st_cookNO,0,0,10
30-10-2025 22:02:29,25.1,1,0,142.239,st_actOFF,st_actOFF,st_cookNO,0,0,14
30-10-2025 22:02:31,25.1,1,0,142.239,st_actOFF,st_actOFF,st_cookNO,0,0,22
30-10-2025 22:02:33,25.1,1,0,142.239,st_actOFF,st_actOFF,st_cookNO,0,0,11
30-10-2025 22:02:35,25.1,1,0,142.239,st_actOFF,st_actOFF,st_cookNO,0,0,10
30-10-2025 22:02:37,25.1,1,0,142.239,st_actOFF,st_actOFF,st_cookNO,0,0,11
30-10-2025 22:02:39,25.1,1,0,142.239,st_actOFF,st_actOFF,st_cookNO,0,0,10
30-10-2025 22:02:41,25.1,1,0,142.239,st_actOFF,st_actOFF,st_cookNO,0,0,14
30-10-2025 22:02:43,25.1,1,0,142.239,st_actOFF,st_actOFF,st_cookNO,0,0,10
30-10-2025 22:02:45,25.1,1,0,142.239,st_actOFF,st_actOFF,st_cookNO,0,0,11
30-10-2025 22:02:47,25.1,1,0,142.239,st_actOFF,st_actOFF,st_cookNO,0,0,16
30-10-2025 22:02:49,25.1,1,0,142.239,st_actOFF,st_actOFF,st_cookNO,0,0,15
30-10-2025 22:02:51,25.1,1,0,142.239,st_actOFF,st_actOFF,st_cookNO,0,0,11
30-10-2025 22:02:53,25.1,1,0,142.239,st_actOFF,st_actOFF,st_cookNO,0,0,9
30-10-2025 22:02:55,25.1,1,0,142.239,st_actOFF,st_actOFF,st_cookNO,0,0,16
30-10-2025 22:02:57,25.1,1,0,142.239,st_actOFF,st_actOFF,st_cookNO,0,0,10
30-10-2025 22:02:59,25.1,1,0,142.239,st_actOFF,st_actOFF,st_cookNO,0,0,17
30-10-2025 22:03:01,25.1,1,0,142.239,st_actOFF,st_actOFF,st_cookNO,0,0,10
30-10-2025 22:03:03,25.1,1,0,142.239,st_actOFF,st_actOFF,st_cookNO,0,0,12
30-10-2025 22:03:05,25.1,1,0,142.239,st_actOFF,st_actOFF,st_cookNO,0,0,19
30-10-2025 22:03:07,25.1,1,0,142.239,st_actOFF,st_actOFF,st_cookNO,0,0,11
30-10-2025 22:03:09,25.1,1,0,142.239,st_actOFF,st_actOFF,st_cookNO,0,0,8
30-10-2025 22:03:11,25.1,1,0,142.239,st_actOFF,st_actOFF,st_cookNO,0,0,11
30-10-2025 22:03:13,25.1,1,0,142.239,st_actOFF,st_actOFF,st_cookNO,0,0,8
30-10-2025 22:03:15,25.1,1,0,142.239,st_actOFF,st_actOFF,st_cookNO,0,0,8
30-10-2025 22:03:17,25.1,1,0,142.239,st_actOFF,st_actOFF,st_cookNO,0,0,10
30-10-2025 22:03:19,25.1,1,0,142.239,st_actOFF,st_actOFF,st_cookNO,0,0,12
30-10-2025 22:03:21,25.1,1,0,142.239,st_actOFF,st_actOFF,st_cookNO,0,0,12
30-10-2025 22:03:24,25.1,1,0,142.239,st_actOFF,st_actOFF,st_cookNO,0,0,14
30-10-2025 22:03:26,25.1,1,0,142.239,st_actOFF,st_actOFF,st_cookNO,0,0,14
30-10-2025 22:03:28,25.1,1,0,142.239,st_actOFF,st_actOFF,st_cookNO,0,0,14
30-10-2025 22:03:30,25.1,1,0,142.239,st_actOFF,st_actOFF,st_cookNO,0,0,18
30-10-2025 22:03:32,25.1,1,0,142.239,st_actOFF,st_actOFF,st_cookNO,0,0,12
30-10-2025 22:03:34,25.1,1,0,142.239,st_actOFF,st_actOFF,st_cookNO,0,0,11
30-10-2025 22:03:36,25.1,1,0,142.239,st_actOFF,st_actOFF,st_cookNO,0,0,11
30-10-2025 22:03:38,25.1,1,0,142.239,st_actOFF,st_actOFF,st_cookNO,0,0,14
30-10-2025 22:03:40,25.1,1,0,142.239,st_actOFF,st_actOFF,st_cookNO,0,0,26
30-10-2025 22:03:42,25.1,1,0,142.239,st_actOFF,st_actOFF,st_cookNO,0,0,12
30-10-2025 22:03:44,25.1,1,0,142.239,st_actOFF,st_actOFF,st_cookNO,0,0,12
30-10-2025 22:03:46,25.1,1,0,142.239,st_actOFF,st_actOFF,st_cookNO,0,0,14
30-10-2025 22:03:48,25.1,1,0,142.239,st_actOFF,st_actOFF,st_cookNO,0,0,12
30-10-2025 22:03:50,25.1,1,0,142.239,st_actOFF,st_actOFF,st_cookNO,0,0,8
30-10-2025 22:03:52,25.1,1,0,142.239,st_actOFF,st_actOFF,st_cookNO,0,0,22
30-10-2025 22:03:54,25.1,1,0,142.239,st_actOFF,st_actOFF,st_cookNO,0,0,10
30-10-2025 22:03:56,25.1,1,0,142.239,st_actOFF,st_actOFF,st_cookNO,0,0,12
30-10-2025 22:03:58,25.1,1,0,142.239,st_actOFF,st_actOFF,st_cookNO,0,0,10
30-10-2025 22:04:00,25.1,1,0,142.239,st_actOFF,st_actOFF,st_cookNO,0,0,11
30-10-2025 22:04:02,25.1,1,0,142.239,st_actOFF,st_actOFF,st_cookNO,0,0,10
30-10-2025 22:04:04,25.1,1,0,142.239,st_actOFF,st_actOFF,st_cookNO,0,0,20
30-10-2025 22:04:06,25.1,1,0,142.239,st_actOFF,st_actOFF,st_cookNO,0,0,8
30-10-2025 22:04:08,25.1,1,0,142.239,st_actOFF,st_actOFF,st_cookNO,0,0,8
30-10-2025 22:04:10,25.1,1,0,142.239,st_actOFF,st_actOFF,st_cookNO,0,0,9
30-10-2025 22:04:12,25.1,1,0,142.239,st_actOFF,st_actOFF,st_cookNO,0,0,12
30-10-2025 22:04:14,25.1,1,0,142.239,st_actOFF,st_actOFF,st_cookNO,0,0,8
30-10-2025 22:04:16,25.1,1,0,142.239,st_actOFF,st_actOFF,st_cookNO,0,0,12
30-10-2025 22:04:18,25.1,1,0,142.239,st_actOFF,st_actOFF,st_cookNO,0,0,8
30-10-2025 22:04:20,25.1,1,0,142.239,st_actOFF,st_actOFF,st_cookNO,0,0,7
30-10-2025 22:04:22,25.1,1,0,142.239,st_actOFF,st_actOFF,st_cookNO,0,0,9
30-10-2025 22:04:24,25.1,1,0,142.239,st_actOFF,st_actOFF,st_cookNO,0,0,12
30-10-2025 22:04:26,25.1,1,0,142.239,st_actOFF,st_actOFF,st_cookNO,0,0,12
30-10-2025 22:04:28,25.1,1,0,142.239,st_actOFF,st_actOFF,st_cookNO,0,0,14
30-10-2025 22:04:30,25.1,1,0,142.239,st_actOFF,st_actOFF,st_cookNO,0,0,7
30-10-2025 22:04:32,25.1,1,0,142.239,st_actOFF,st_actOFF,st_cookNO,0,0,9
30-10-2025 22:04:34,25.1,1,0,142.239,st_actOFF,st_actOFF,st_cookNO,0,0,8
30-10-2025 22:04:36,25.1,1,0,142.239,st_actOFF,st_actOFF,st_cookNO,0,0,7
30-10-2025 22:04:38,25.1,1,0,142.239,st_actOFF,st_actOFF,st_cookNO,0,0,8
30-10-2025 22:04:40,25.1,1,0,142.239,st_actOFF,st_actOFF,st_cookNO,0,0,10
30-10-2025 22:04:42,25.1,1,0,142.239,st_actOFF,st_actOFF,st_cookNO,0,0,8
30-10-2025 22:04:44,25.1,1,0,142.239,st_actOFF,st_actOFF,st_cookNO,0,0,10
30-10-2025 22:04:46,25.1,1,0,142.239,st_actOFF,st_actOFF,st_cookNO,0,0,17
30-10-2025 22:04:48,25.1,1,0,142.239,st_actOFF,st_actOFF,st_cookNO,0,0,10
30-10-2025 22:04:50,25.1,1,0,142.239,st_actOFF,st_actOFF,st_cookNO,0,0,12
30-10-2025 22:04:52,25.1,1,0,142.239,st_actOFF,st_actOFF,st_cookNO,0,0,7
30-10-2025 22:04:54,25.1,1,0,142.239,st_actOFF,st_actOFF,st_cookNO,0,0,9
30-10-2025 22:04:56,25.1,1,0,142.239,st_actOFF,st_actOFF,st_cookNO,0,0,9
30-10-2025 22:04:58,25.1,1,0,142.239,st_actOFF,st_actOFF,st_cookNO,0,0,11
30-10-2025 22:05:00,25.1,1,0,142.239,st_actOFF,st_actOFF,st_cookNO,0,0,9
30-10-2025 22:05:02,25.1,1,0,142.239,st_actOFF,st_actOFF,st_cookNO,0,0,11
30-10-2025 22:05:04,25.1,1,0,142.239,st_actOFF,st_actOFF,st_cookNO,0,0,15
30-10-2025 22:05:06,25.1,1,0,142.239,st_actOFF,st_actOFF,st_cookNO,0,0,8
30-10-2025 22:05:08,25.1,1,0,142.239,st_actOFF,st_actOFF,st_cookNO,0,0,7
30-10-2025 22:05:10,25.1,1,0,142.239,st_actOFF,st_actOFF,st_cookNO,0,0,11
30-10-2025 22:05:12,25.1,1,0,142.239,st_actOFF,st_actOFF,st_cookNO,0,0,12
30-10-2025 22:05:15,25.1,1,0,142.239,st_actOFF,st_actOFF,st_cookNO,0,0,16
30-10-2025 22:05:17,25.1,1,0,142.239,st_actOFF,st_actOFF,st_cookNO,0,0,13
30-10-2025 22:05:19,25.1,1,0,142.239,st_actOFF,st_actOFF,st_cookNO,0,0,8
30-10-2025 22:05:21,25.1,1,0,142.239,st_actOFF,st_actOFF,st_cookNO,0,0,8
30-10-2025 22:05:23,25.1,1,0,142.239,st_actOFF,st_actOFF,st_cookNO,0,0,11
30-10-2025 22:05:25,25.1,1,0,142.239,st_actOFF,st_actOFF,st_cookNO,0,0,16
30-10-2025 22:05:27,25.1,1,0,142.239,st_actOFF,st_actOFF,st_cookNO,0,0,21
30-10-2025 22:05:29,25.1,1,0,142.239,st_actOFF,st_actOFF,st_cookNO,0,0,10
30-10-2025 22:05:31,25.1,1,0,142.239,st_actOFF,st_actOFF,st_cookNO,0,0,10
30-10-2025 22:05:33,25.1,1,0,142.239,st_actOFF,st_actOFF,st_cookNO,0,0,7
30-10-2025 22:05:35,25.1,1,0,142.239,st_actOFF,st_actOFF,st_cookNO,0,0,11
30-10-2025 22:05:37,25.1,1,0,142.239,st_actOFF,st_actOFF,st_cookNO,0,0,9
30-10-2025 22:05:39,25.1,1,0,142.239,st_actOFF,st_actOFF,st_cookNO,0,0,11
30-10-2025 22:05:41,25.1,1,0,142.239,st_actOFF,st_actOFF,st_cookNO,0,0,7
30-10-2025 22:05:43,25.1,1,0,142.239,st_actOFF,st_actOFF,st_cookNO,0,0,11
30-10-2025 22:05:45,25.1,1,0,142.239,st_actOFF,st_actOFF,st_cookNO,0,0,8
30-10-2025 22:05:47,25.1,1,0,142.239,st_actOFF,st_actOFF,st_cookNO,0,0,10
30-10-2025 22:05:49,25.1,1,0,142.239,st_actOFF,st_actOFF,st_cookNO,0,0,8
30-10-2025 22:05:51,25.1,1,0,142.239,st_actOFF,st_actOFF,st_cookNO,0,0,8
30-10-2025 22:05:53,25.1,1,0,142.239,st_actOFF,st_actOFF,st_cookNO,0,0,7
30-10-2025 22:05:55,25.1,1,0,142.239,st_actOFF,st_actOFF,st_cookNO,0,0,8
30-10-2025 22:05:57,25.1,1,0,142.239,st_actOFF,st_actOFF,st_cookNO,0,0,8
30-10-2025 22:05:59,25.1,1,0,142.239,st_actOFF,st_actOFF,st_cookNO,0,0,14
30-10-2025 22:06:01,25.1,1,0,142.239,st_actOFF,st_actOFF,st_cookNO,0,0,7
30-10-2025 22:06:03,25.1,1,0,142.239,st_actOFF,st_actOFF,st_cookNO,0,0,18
30-10-2025 22:06:05,25.1,1,0,142.239,st_actOFF,st_actOFF,st_cookNO,0,0,8
30-10-2025 22:06:07,25.1,1,0,142.239,st_actOFF,st_actOFF,st_cookNO,0,0,12
30-10-2025 22:06:09,25.1,1,0,142.239,st_actOFF,st_actOFF,st_cookNO,0,0,9
30-10-2025 22:06:11,25.1,1,0,142.239,st_actOFF,st_actOFF,st_cookNO,0,0,9
30-10-2025 22:06:13,25.1,1,0,142.239,st_actOFF,st_actOFF,st_cookNO,0,0,7
30-10-2025 22:06:15,25.1,1,0,142.239,st_actOFF,st_actOFF,st_cookNO,0,0,7
30-10-2025 22:06:17,25.1,1,0,142.239,st_actOFF,st_actOFF,st_cookNO,0,0,7
30-10-2025 22:06:19,25.1,1,0,142.239,st_actOFF,st_actOFF,st_cookNO,0,0,9
30-10-2025 22:06:21,25.1,1,0,142.239,st_actOFF,st_actOFF,st_cookNO,0,0,10
30-10-2025 22:06:23,25.1,1,0,142.239,st_actOFF,st_actOFF,st_cookNO,0,0,11
30-10-2025 22:06:25,25.1,1,0,142.239,st_actOFF,st_actOFF,st_cookNO,0,0,16
30-10-2025 22:06:27,25.1,1,0,142.239,st_actOFF,st_actOFF,st_cookNO,0,0,8
30-10-2025 22:06:29,25.1,1,0,142.239,st_actOFF,st_actOFF,st_cookNO,0,0,8
30-10-2025 22:06:31,25.1,1,0,142.239,st_actOFF,st_actOFF,st_cookNO,0,0,11
30-10-2025 22:06:33,25.1,1,0,142.239,st_actOFF,st_actOFF,st_cookNO,0,0,7
30-10-2025 22:06:35,25.1,1,0,142.239,st_actOFF,st_actOFF,st_cookNO,0,0,15
30-10-2025 22:06:37,25.1,1,0,142.239,st_actOFF,st_actOFF,st_cookNO,0,0,15
30-10-2025 22:06:39,25.1,1,0,142.239,st_actOFF,st_actOFF,st_cookNO,0,0,8
30-10-2025 22:06:41,25.1,1,0,142.239,st_actOFF,st_actOFF,st_cookNO,0,0,7
30-10-2025 22:06:43,25.1,1,0,142.239,st_actOFF,st_actOFF,st_cookNO,0,0,11
30-10-2025 22:06:45,25.1,1,0,142.239,st_actOFF,st_actOFF,st_cookNO,0,0,17
30-10-2025 22:06:47,25.1,1,0,142.239,st_actOFF,st_actOFF,st_cookNO,0,0,10
30-10-2025 22:06:49,25.1,1,0,142.239,st_actOFF,st_actOFF,st_cookNO,0,0,17
30-10-2025 22:06:51,25.1,1,0,142.239,st_actOFF,st_actOFF,st_cookNO,0,0,11
30-10-2025 22:06:53,25.1,1,0,142.239,st_actOFF,st_actOFF,st_cookNO,0,0,7
30-10-2025 22:06:55,25.1,1,0,142.239,st_actOFF,st_actOFF,st_cookNO,0,0,8
30-10-2025 22:06:57,25.1,1,0,142.239,st_actOFF,st_actOFF,st_cookNO,0,0,11
30-10-2025 22:06:59,25.1,1,0,142.239,st_actOFF,st_actOFF,st_cookNO,0,0,9
30-10-2025 22:07:01,25.1,1,0,142.239,st_actOFF,st_actOFF,st_cookNO,0,0,10
30-10-2025 22:07:03,25.1,1,0,142.239,st_actOFF,st_actOFF,st_cookNO,0,0,8
30-10-2025 22:07:05,25.1,1,0,142.239,st_actOFF,st_actOFF,st_cookNO,0,0,10
30-10-2025 22:07:08,25.1,1,0,142.239,st_actOFF,st_actOFF,st_cookNO,0,0,7
30-10-2025 22:07:10,25.1,1,0,142.239,st_actOFF,st_actOFF,st_cookNO,0,0,6
30-10-2025 22:07:12,25.1,1,0,142.239,st_actOFF,st_actOFF,st_cookNO,0,0,12
30-10-2025 22:07:14,25.1,1,0,142.239,st_actOFF,st_actOFF,st_cookNO,0,0,16
30-10-2025 22:07:16,25.1,1,0,142.239,st_actOFF,st_actOFF,st_cookNO,0,0,18
30-10-2025 22:07:18,25.1,1,0,142.239,st_actOFF,st_actOFF,st_cookNO,0,0,15
30-10-2025 22:07:20,25.1,1,0,142.239,st_actOFF,st_actOFF,st_cookNO,0,0,14
30-10-2025 22:07:22,25.1,1,0,142.239,st_actOFF,st_actOFF,st_cookNO,0,0,17
30-10-2025 22:07:24,25.1,1,0,142.239,st_actOFF,st_actOFF,st_cookNO,0,0,8
30-10-2025 22:07:26,25.1,1,0,142.239,st_actOFF,st_actOFF,st_cookNO,0,0,8
30-10-2025 22:07:28,25.1,1,0,142.239,st_actOFF,st_actOFF,st_cookNO,0,0,14
30-10-2025 22:07:30,25.1,1,0,142.239,st_actOFF,st_actOFF,st_cookNO,0,0,7
30-10-2025 22:07:32,25.1,1,0,142.239,st_actOFF,st_actOFF,st_cookNO,0,0,8
30-10-2025 22:07:34,25.1,1,0,142.239,st_actOFF,st_actOFF,st_cookNO,0,0,13
30-10-2025 22:07:36,25.1,1,0,142.239,st_actOFF,st_actOFF,st_cookNO,0,0,6
30-10-2025 22:07:38,25.1,1,0,142.239,st_actOFF,st_actOFF,st_cookNO,0,0,8
30-10-2025 22:07:40,25.1,1,0,142.239,st_actOFF,st_actOFF,st_cookNO,0,0,6
30-10-2025 22:07:42,25.1,1,0,142.239,st_actOFF,st_actOFF,st_cookNO,0,0,6
30-10-2025 22:07:44,25.1,1,0,142.239,st_actOFF,st_actOFF,st_cookNO,0,0,8
30-10-2025 22:07:46,25.1,1,0,142.239,st_actOFF,st_actOFF,st_cookNO,0,0,7
30-10-2025 22:07:48,25.1,1,0,142.239,st_actOFF,st_actOFF,st_cookNO,0,0,7
30-10-2025 22:07:50,25.1,1,0,142.239,st_actOFF,st_actOFF,st_cookNO,0,0,8
30-10-2025 22:07:52,25.1,1,0,142.239,st_actOFF,st_actOFF,st_cookNO,0,0,8
30-10-2025 22:07:54,25.1,1,0,142.239,st_actOFF,st_actOFF,st_cookNO,0,0,7
30-10-2025 22:07:56,25.1,1,0,142.239,st_actOFF,st_actOFF,st_cookNO,0,0,7
30-10-2025 22:07:58,25.1,1,0,142.239,st_actOFF,st_actOFF,st_cookNO,0,0,7
30-10-2025 22:08:00,25.1,1,0,142.239,st_actOFF,st_actOFF,st_cookNO,0,0,8
30-10-2025 22:08:02,25.1,1,0,142.239,st_actOFF,st_actOFF,st_cookNO,0,0,9
30-10-2025 22:08:04,25.1,1,0,142.239,st_actOFF,st_actOFF,st_cookNO,0,0,8
30-10-2025 22:08:06,25.1,1,0,142.239,st_actOFF,st_actOFF,st_cookNO,0,0,9
30-10-2025 22:08:08,25.1,1,0,142.239,st_actOFF,st_actOFF,st_cookNO,0,0,9
30-10-2025 22:08:10,25.1,1,0,142.239,st_actOFF,st_actOFF,st_cookNO,0,0,9
30-10-2025 22:08:12,25.1,1,0,142.239,st_actOFF,st_actOFF,st_cookNO,0,0,7
30-10-2025 22:08:14,25.1,1,0,142.239,st_actOFF,st_actOFF,st_cookNO,0,0,9
30-10-2025 22:08:16,25.1,1,0,142.239,st_actOFF,st_actOFF,st_cookNO,0,0,9
30-10-2025 22:08:18,25.1,1,0,142.239,st_actOFF,st_actOFF,st_cookNO,0,0,6
30-10-2025 22:08:20,25.1,1,0,142.239,st_actOFF,st_actOFF,st_cookNO,0,0,9
30-10-2025 22:08:22,25.1,1,0,142.239,st_actOFF,st_actOFF,st_cookNO,0,0,10
30-10-2025 22:08:24,25.1,1,0,142.239,st_actOFF,st_actOFF,st_cookNO,0,0,9
30-10-2025 22:08:26,25.1,1,0,142.239,st_actOFF,st_actOFF,st_cookNO,0,0,6
30-10-2025 22:08:28,25.1,1,0,142.239,st_actOFF,st_actOFF,st_cookNO,0,0,6
30-10-2025 22:08:30,25.1,1,0,142.239,st_actOFF,st_actOFF,st_cookNO,0,0,7
30-10-2025 22:08:32,25.1,1,0,142.239,st_actOFF,st_actOFF,st_cookNO,0,0,11
30-10-2025 22:08:34,25.1,1,0,142.239,st_actOFF,st_actOFF,st_cookNO,0,0,8
30-10-2025 22:08:36,25.1,1,0,142.239,st_actOFF,st_actOFF,st_cookNO,0,0,6
30-10-2025 22:08:38,25.1,1,0,142.239,st_actOFF,st_actOFF,st_cookNO,0,0,7
30-10-2025 22:08:40,25.1,1,0,142.239,st_actOFF,st_actOFF,st_cookNO,0,0,6
30-10-2025 22:08:42,25.1,1,0,142.239,st_actOFF,st_actOFF,st_cookNO,0,0,6
30-10-2025 22:08:44,25.1,1,0,142.239,st_actOFF,st_actOFF,st_cookNO,0,0,6
30-10-2025 22:08:46,25.1,1,0,142.239,st_actOFF,st_actOFF,st_cookNO,0,0,7
30-10-2025 22:18:53,25.1,1,0,142.239,st_actOFF,st_actOFF,st_cookNO,0,0,708
30-10-2025 22:18:55,25.1,1,0,142.239,st_actOFF,st_actOFF,st_cookNO,0,0,9
30-10-2025 22:18:57,25.1,1,0,142.239,st_actOFF,st_actOFF,st_cookNO,0,0,11
30-10-2025 22:18:59,25.1,1,0,142.239,st_actOFF,st_actOFF,st_cookNO,0,0,12
30-10-2025 22:19:01,25.1,1,0,142.239,st_actOFF,st_actOFF,st_cookNO,0,0,16
30-10-2025 22:19:03,25.1,1,0,142.239,st_actOFF,st_actOFF,st_cookNO,0,0,15
30-10-2025 22:19:05,25.1,1,0,142.239,st_actOFF,st_actOFF,st_cookNO,0,0,21
30-10-2025 22:19:07,25.1,1,0,142.239,st_actOFF,st_actOFF,st_cookNO,0,0,13
30-10-2025 22:19:09,25.1,1,0,142.239,st_actOFF,st_actOFF,st_cookNO,0,0,12
30-10-2025 22:19:11,25.1,1,0,142.239,st_actOFF,st_actOFF,st_cookNO,0,0,12
30-10-2025 22:19:13,25.1,1,0,142.239,st_actOFF,st_actOFF,st_cookNO,0,0,19
30-10-2025 22:19:15,25.1,1,0,142.239,st_actOFF,st_actOFF,st_cookNO,0,0,13
30-10-2025 22:19:17,25.1,1,0,142.239,st_actOFF,st_actOFF,st_cookNO,0,0,12
30-10-2025 22:19:19,25.1,1,0,142.239,st_actOFF,st_actOFF,st_cookNO,0,0,18
30-10-2025 22:19:21,25.1,1,0,142.239,st_actOFF,st_actOFF,st_cookNO,0,0,9
30-10-2025 22:19:23,25.1,1,0,142.239,st_actOFF,st_actOFF,st_cookNO,0,0,23
30-10-2025 22:19:25,25.1,1,0,142.239,st_actOFF,st_actOFF,st_cookNO,0,0,11
30-10-2025 22:19:27,25.1,1,0,142.239,st_actOFF,st_actOFF,st_cookNO,0,0,12
30-10-2025 22:19:29,25.1,1,0,142.239,st_actOFF,st_actOFF,st_cookNO,0,0,11
30-10-2025 22:19:31,25.1,1,0,142.239,st_actOFF,st_actOFF,st_cookNO,0,0,16
30-10-2025 22:19:33,25.1,1,0,142.239,st_actOFF,st_actOFF,st_cookNO,0,0,18
30-10-2025 22:19:35,25.1,1,0,142.239,st_actOFF,st_actOFF,st_cookNO,0,0,16
30-10-2025 22:19:38,25.1,1,0,142.239,st_actOFF,st_actOFF,st_cookNO,0,0,11
30-10-2025 22:19:40,25.1,1,0,142.239,st_actOFF,st_actOFF,st_cookNO,0,0,19
30-10-2025 22:19:42,25.1,1,0,142.239,st_actOFF,st_actOFF,st_cookNO,0,0,12
30-10-2025 22:19:44,25.1,1,0,142.239,st_actOFF,st_actOFF,st_cookNO,0,0,12
30-10-2025 22:19:46,25.1,1,0,142.239,st_actOFF,st_actOFF,st_cookNO,0,0,9
30-10-2025 22:19:48,25.1,1,0,142.239,st_actOFF,st_actOFF,st_cookNO,0,0,17
30-10-2025 22:21:09,25.1,1,0,142.239,st_actOFF,st_actOFF,st_cookNO,0,0,41
30-10-2025 22:21:11,25.1,1,0,142.239,st_actOFF,st_actOFF,st_cookNO,0,0,12
30-10-2025 22:21:13,25.1,1,0,142.239,st_actOFF,st_actOFF,st_cookNO,0,0,10
30-10-2025 22:21:15,25.1,1,0,142.239,st_actOFF,st_actOFF,st_cookNO,0,0,9
30-10-2025 22:21:17,25.1,1,0,142.239,st_actOFF,st_actOFF,st_cookNO,0,0,13
30-10-2025 22:21:19,25.1,1,0,142.239,st_actOFF,st_actOFF,st_cookNO,0,0,10
30-10-2025 22:21:22,25.1,1,0,142.239,st_actOFF,st_actOFF,st_cookNO,0,0,20
30-10-2025 22:21:24,25.1,1,0,142.239,st_actOFF,st_actOFF,st_cookNO,0,0,9
30-10-2025 22:21:26,25.1,1,0,142.239,st_actOFF,st_actOFF,st_cookNO,0,0,11
30-10-2025 22:21:28,25.1,1,0,142.239,st_actOFF,st_actOFF,st_cookNO,0,0,11
30-10-2025 22:21:30,25.1,1,0,142.239,st_actOFF,st_actOFF,st_cookNO,0,0,9
30-10-2025 22:21:32,25.1,1,0,142.239,st_actOFF,st_actOFF,st_cookNO,0,0,9
30-10-2025 22:21:34,25.1,1,0,142.239,st_actOFF,st_actOFF,st_cookNO,0,0,10
30-10-2025 22:21:36,25.1,1,0,142.239,st_actOFF,st_actOFF,st_cookNO,0,0,8
30-10-2025 22:21:38,25.1,1,0,142.239,st_actOFF,st_actOFF,st_cookNO,0,0,13
30-10-2025 22:21:40,25.1,1,0,142.239,st_actOFF,st_actOFF,st_cookNO,0,0,10
30-10-2025 22:21:42,25.1,1,0,142.239,st_actOFF,st_actOFF,st_cookNO,0,0,11
30-10-2025 22:21:44,25.1,1,0,142.239,st_actOFF,st_actOFF,st_cookNO,0,0,9
30-10-2025 22:21:46,25.1,1,0,142.239,st_actOFF,st_actOFF,st_cookNO,0,0,11
30-10-2025 22:21:48,25.1,1,0,142.239,st_actOFF,st_actOFF,st_cookNO,0,0,8
30-10-2025 22:21:50,25.1,1,0,142.239,st_actOFF,st_actOFF,st_cookNO,0,0,10
30-10-2025 22:21:52,25.1,1,0,142.239,st_actOFF,st_actOFF,st_cookNO,0,0,11
30-10-2025 22:21:54,25.1,1,0,142.239,st_actOFF,st_actOFF,st_cookNO,0,0,21
30-10-2025 22:21:56,25.1,1,0,142.239,st_actOFF,st_actOFF,st_cookNO,0,0,9
30-10-2025 22:21:58,25.1,1,0,142.239,st_actOFF,st_actOFF,st_cookNO,0,0,7
